WORD,LENGTH,arousal,SD,N,valence,SD,N,dom,SD,N,conc,SD,N,image,SD,N,fam,SD,N,aoa,SD,N,size,SD,N,gender,SD,N
affair,6,5.969,2.391,32,2.438,1.321,32,4.441,2.403,34,3.394,1.434,33,4.424,1.81,33,5.688,1.57,32,5.618,1,34,4.758,1.371,33,4.235,1.816,34
aisle,5,3.613,1.826,31,5.226,1.007,31,4.71,1.223,31,5.719,1.038,32,5.438,1.029,32,4.867,1.455,30,4.531,1.172,32,3.781,1.111,32,3.345,0.8,29
anchor,6,3.629,1.838,35,5.171,1.159,35,5.143,2.257,35,6.471,0.848,34,6.618,0.971,34,5.242,1.596,33,3.571,1.178,35,4.382,1.627,34,5.343,1.013,35
anger,5,5.636,2.568,33,2.529,1.5,34,4.618,2.364,34,3.647,1.813,34,4.758,1.776,33,6.235,0.877,34,2.794,0.994,34,5.515,1.104,33,4.914,1.251,35
ant,3,3.029,1.757,34,4.647,0.8,34,4.514,1.962,35,6.629,0.865,35,6.743,0.498,35,5.546,1.458,33,2,0.676,35,1.5,1.091,34,4.206,0.932,34
applause,8,6.686,1.652,35,7.8,1.009,35,6.686,1.635,35,5.6,1.126,35,5.914,1.296,35,6.03,0.937,33,3.629,1.396,35,5,1.414,35,3.914,0.692,35
apple,5,4.677,2.138,34,6.147,1.191,34,5.485,1.209,33,6.824,0.452,34,6.909,0.379,33,6.719,0.572,32,1.529,0.606,34,2.441,1.241,34,3.424,0.954,33
apron,5,3.724,1.76,29,5.226,0.705,31,4.344,1.492,32,6.452,0.711,31,6.613,0.549,31,4.615,1.734,26,3.226,0.974,31,2.719,1.179,32,2,0.981,27
arson,5,5.206,2.898,34,2.059,1.434,34,5.088,2.381,34,4.714,1.578,35,4.706,1.807,34,4.286,1.98,35,5.971,1.071,34,5.394,1.229,33,5.706,0.824,34
art,3,6.394,2.187,33,7.03,1.218,33,5.938,1.694,32,4.382,2.156,34,5.794,1.41,34,6.364,1.123,33,2.441,0.735,34,5.375,1.596,32,2.971,1.175,34
artist,6,5.235,2.21,34,6.912,1.269,34,6,1.82,32,5.546,1.707,33,6.212,0.913,33,5.879,1.365,33,3.265,1.038,34,4.515,1.417,33,3.265,1.22,34
aspect,6,3.857,2.086,35,5.531,0.901,32,5.469,1.414,32,2.6,1.438,35,1.943,1.17,35,4.906,1.608,32,5.971,0.971,35,3.471,1.576,34,3.735,0.885,34
asthma,6,3.667,2.3,30,2.471,1.036,34,3.031,1.944,32,5.457,1.25,35,4.829,1.483,35,5.182,1.585,33,4.029,1.295,34,4.059,1.413,34,4.177,0.706,34
attempt,7,3.727,1.847,33,5.829,0.971,35,5.743,1.36,35,3.629,1.587,35,3,1.656,35,5.765,1.285,34,3.914,1.402,35,4.059,1.027,34,3.886,0.574,35
author,6,4.735,1.945,34,6,1.213,34,5.546,1.76,33,5.576,1.181,33,4.714,1.766,35,5.941,1.305,34,3.743,1.227,35,3.677,1.429,34,3.912,1.147,34
baby,4,4.29,2.593,31,6.594,2.09,32,4.313,2.615,32,6.607,0.673,28,6.593,0.562,27,5.929,1.067,28,1.844,0.972,32,2.546,1.689,33,2.688,1.074,32
balloon,7,4.849,1.743,33,6.212,1.273,33,5.375,1.452,32,6.031,1.38,32,6.581,0.834,31,5.794,1.207,34,2.147,0.879,34,3.265,1.559,34,3.844,1.064,32
ban,3,3.818,2.194,33,2.548,1.214,31,3.906,2.296,32,3.576,1.724,33,3.129,1.641,31,5.516,1.388,31,3.667,1.341,33,3.97,1.784,33,4.563,0.899,32
bandage,7,4.2,1.894,35,4.171,1.665,35,4.441,1.333,34,5.971,1.276,35,6.265,1.244,34,5.5,1.649,34,2.912,1.292,34,2.8,1.45,35,3.97,0.797,33
basket,6,3.257,1.679,35,5.177,0.954,34,5.171,1.055,35,6.2,1.166,35,6.235,1.238,34,6,1.155,33,2.235,0.941,34,2.857,1.397,35,3.265,0.851,34
battle,6,5.576,2.45,33,2.333,1.491,33,5.559,2.145,34,5.387,1.21,31,5.686,1.45,35,4.897,1.863,29,3.514,0.967,35,6.059,0.968,34,6.091,0.933,33
bead,4,3.758,1.939,33,5.394,1.013,33,5.353,1.607,34,6.281,0.943,32,5.909,1.505,33,4.879,1.871,33,2.813,0.982,32,1.71,1.141,31,2.677,0.992,34
beer,4,5.177,2.107,34,5.543,1.762,35,5.353,1.861,34,6.629,0.897,35,6.714,0.564,35,6.618,0.728,34,4.147,1.478,34,3,1.474,35,5.882,0.963,34
beggar,6,3.031,1.896,32,2.7,1.215,30,4.323,2.161,31,5.844,1.439,32,6.258,1.077,31,4.931,1.66,29,4.303,1.446,33,2.968,1.231,31,4.844,0.833,32
belief,6,5.333,2.292,33,6.697,1.696,33,5.143,2.509,35,2.824,1.977,34,3.143,1.775,35,5.912,1.483,34,4.177,1.271,34,5.529,1.46,34,3.343,0.955,35
bitch,5,6.727,2.526,33,1.743,0.996,35,4.758,2.547,33,4.273,1.943,33,4.441,1.518,34,5.774,1.361,31,5.588,1.088,34,4.735,1.54,34,1.939,1.205,33
blame,5,4.343,2.151,35,2.743,1.203,35,3.765,2.073,34,2.543,1.61,35,2.571,1.103,35,6.057,1.218,35,3.286,1.185,35,5.171,1.055,35,4.286,1.406,35
bliss,5,6.455,2.451,33,8.091,1.264,33,5.969,2.243,32,2.667,1.837,33,3.938,1.802,32,5.125,1.672,32,5.121,1.249,33,5,1.456,33,2.455,1.157,33
blister,7,3.235,2.157,34,2.941,1.056,34,3.857,1.376,35,6.147,0.944,34,6.314,1.141,35,5.559,1.418,34,3.8,1.26,35,2.677,1.585,34,4.265,1.12,34
blood,5,5.406,1.966,32,4.758,1.518,33,4.765,1.516,34,6.057,1.308,35,6.412,1.115,34,6.219,0.992,32,2.412,1.032,34,4.118,1.659,34,4.212,0.977,33
blouse,6,4.094,2.052,32,5.531,1,32,5.125,1.409,32,6,1.495,34,6.121,1.472,33,5.281,1.807,32,3.912,1.579,34,2.656,1.189,32,1.758,0.78,33
boast,5,4.667,1.87,33,3.226,1.313,31,6.273,1.42,33,3.194,1.468,31,2.875,1.317,32,5.194,1.468,31,4.686,1.063,35,4.97,1.314,33,4.939,1.254,33
bondage,7,5.909,2.598,33,4.212,1.788,33,4.594,2.892,32,4.788,1.737,33,5.273,1.377,33,4.324,2.111,34,6.576,0.818,33,4.516,1.521,31,4.546,1.183,33
bonnet,6,3.129,2.06,31,4.939,0.952,33,4.966,1.217,29,6.469,0.706,32,6.281,1.205,32,3.033,1.816,30,4.515,1.708,33,2.781,1.166,32,2.7,1.754,30
bounce,6,5.697,1.867,33,6.273,1.213,33,6.065,1.435,31,4.531,1.658,32,5.188,1.509,32,5.781,1.408,32,2.364,1.01,33,3.906,1.182,32,3.406,0.861,32
bowel,5,3,1.837,32,3.879,1.771,33,4.706,1.425,34,6.091,1.164,33,4.818,1.486,33,4.618,1.971,34,5.441,1.168,34,3.529,1.44,34,4.606,0.983,33
bowl,4,3,2.27,33,5.212,0.686,33,5.324,1.23,34,6.546,0.742,33,6.424,1.207,33,6.281,1.231,32,2.059,0.968,34,2.688,1.261,32,3.971,0.985,34
bracket,7,2.938,1.499,32,5.065,0.435,31,4.643,0.895,28,5.594,1.271,32,5.161,1.725,31,4.759,1.735,29,4.606,1.127,33,2.355,1.471,31,4.484,0.757,31
breakfast,9,5.029,2.479,34,5.857,1.222,35,5.588,1.536,34,5.853,1.353,34,6.294,1.044,34,6.5,1.064,34,1.771,0.636,35,3.118,1.529,34,3.636,0.948,33
breast,6,6.294,1.758,34,6.353,1.493,34,5.647,1.432,34,6.485,0.657,33,6.5,0.883,34,6.188,1.158,32,4.324,1.429,34,3.485,1.329,33,1.303,0.937,33
bulge,5,4.333,2.17,33,4,1.723,33,4.758,1.793,33,5.125,1.495,32,5.75,1.25,32,5.161,1.668,31,4.677,1.344,34,4.273,1.332,33,5.118,1.451,34
button,6,3.677,2.219,34,5.235,0.807,34,5.559,1.575,34,6.382,0.875,34,6.647,0.636,34,6.156,0.87,32,2.265,1.038,34,1.818,0.936,33,3.912,1.172,34
camp,4,4.294,1.948,34,5.313,0.808,32,4.882,1.367,34,5.057,1.53,35,4.971,1.654,34,5.367,1.643,30,3.2,1.45,35,3.697,1.547,33,4.313,1.158,32
cancer,6,4.281,2.54,32,1.219,0.544,32,3.194,2.752,31,5.563,1.435,32,4.333,2.04,33,6.452,0.945,31,4.758,1.415,33,5.71,1.59,31,4.156,1.034,32
candle,6,4.903,1.784,31,6.333,1.35,30,5.969,1.425,32,6.621,0.665,29,6.774,0.418,31,6.259,1.075,27,3.063,1.116,32,2.194,1.281,31,3.097,1.228,31
candy,5,5.714,2.275,35,7.029,1.363,35,5.114,1.785,35,6.114,1.09,35,6.647,0.588,34,5.594,1.902,32,2.686,1.304,35,2.571,1.316,35,2.743,0.873,35
canoe,5,3.886,2.188,35,5.6,1.101,35,5.242,1.596,33,6.697,0.627,33,6.758,0.552,33,4.706,1.654,34,4.618,0.94,34,3.382,1.553,34,4.75,0.935,32
carcass,7,4.303,2.564,33,2.6,1.428,30,4.433,1.499,30,5.636,1.514,33,5.531,1.639,32,3.688,1.828,32,5.344,1.107,32,3.533,1.5,30,4.625,0.992,32
caress,6,6.563,1.836,32,7.063,1.298,32,5.424,1.776,33,4.156,1.439,32,4.061,1.556,33,4.581,1.498,31,5.667,0.943,33,3.226,1.453,31,2.355,0.969,31
carpet,6,3.529,1.819,34,5.086,1.105,35,5.455,1.94,33,6.147,0.944,34,6.343,0.955,35,6.324,1.077,34,2.429,1.022,35,3.857,1.533,35,3.4,0.962,35
carriage,8,4.182,2.066,33,5.677,1.028,31,5.156,1.394,32,6.303,0.969,33,6.387,0.939,31,4.581,1.845,31,3.938,1.321,32,4.194,1.731,31,2.969,1.132,32
castle,6,5.875,2.027,32,6.065,1.48,31,5.968,1.975,31,6.5,0.906,28,6.759,0.567,29,5.931,1.258,29,2.548,1.011,31,5.97,1.058,33,4.8,1.249,30
cattle,6,3.242,1.634,33,5.265,1.066,34,5.412,2.184,34,6.5,0.978,34,6.212,1.174,33,5.233,1.707,30,3.706,1.296,34,4.242,1.859,33,4.559,1.117,34
caution,7,5.4,2.428,35,4.229,1.692,35,3.471,1.667,34,2.677,1.277,34,3.441,1.718,34,5.121,1.683,33,4.235,1.165,34,4.909,1.164,33,4.177,1.2,34
cease,5,4.125,2.058,32,3.647,1.281,34,4.706,1.918,34,3.742,1.684,31,2.719,1.441,32,4.281,1.807,32,5.471,1.311,34,4.125,1.536,32,4.394,1.013,33
ceiling,7,2.849,1.925,33,4.971,0.747,34,4.647,1.713,34,6.647,0.723,34,6.147,1.216,34,5.75,1.25,32,2.886,1.036,35,4.71,1.3,31,3.941,1.162,34
chauffeur,9,4.118,2.069,34,5.765,1.535,34,5.559,2.379,34,6.25,0.935,32,6.364,0.731,33,3.824,1.774,34,5.571,1.129,35,3.939,1.632,33,5.629,1.244,35
chest,5,5.677,1.532,31,5.29,1.57,31,5.344,1.779,32,6.033,0.948,30,6.065,0.914,31,5.607,1.175,28,3.091,1.164,33,4.032,1.576,31,3.844,1.46,32
chew,4,3.906,2.112,32,5.333,1.172,33,6.059,1.662,34,4.771,1.569,35,5.219,1.536,32,6.161,0.987,31,2.314,1.166,35,2.364,1.096,33,4.182,0.575,33
child,5,4.226,2.09,31,6.194,1.512,31,3.677,2.116,31,6.167,0.969,30,6.621,0.552,29,6.519,0.918,27,2.484,0.98,31,2.375,0.992,32,3.032,1.177,31
chord,5,4.906,2.227,32,6.03,1.218,33,5.697,1.359,33,5,1.609,34,5.088,1.837,34,5.212,1.552,33,4.647,1.453,34,2.882,1.182,34,3.875,1.053,32
circuit,7,3.529,1.736,34,4.941,0.968,34,4.677,1.585,34,5,1.531,35,4.543,1.627,35,5.129,1.661,31,5.559,1.217,34,4,1.67,33,4.853,1.216,34
city,4,6.161,1.851,31,5.844,1.302,32,4.936,2.169,31,5.929,1.067,28,6.31,0.748,29,6.607,0.673,28,3.065,1.216,31,6.219,1.166,32,4.172,0.698,29
class,5,4.121,2.129,33,5.091,1.334,33,4.412,1.611,34,4.514,1.592,35,4.886,1.389,35,6.03,1.114,33,2.514,0.874,35,4.343,1.689,35,3.758,0.818,33
clergy,6,2.844,1.787,32,4.727,1.462,33,3.969,1.811,32,5.636,1.648,33,5.516,1.478,31,3.576,1.615,33,5.941,1.259,34,4.182,1.359,33,5.226,1.007,31
cloak,5,4.182,2.236,33,5.361,1.294,36,5.706,1.525,34,6.5,0.916,34,6.529,0.848,34,5.156,2.078,32,3.861,1.494,36,3.486,1.422,35,4.667,1.247,36
closure,7,4.242,1.923,33,6,1.789,35,5.313,2.242,32,2.771,1.623,35,3.029,1.671,34,4.75,1.541,32,5.618,1.138,34,4.485,1.373,33,3.563,1.116,32
clover,6,4.206,2.111,34,6.353,1.432,34,5.457,1.662,35,5.697,1.403,33,6.471,0.696,34,4.909,1.781,33,3.677,1.344,34,2.457,1.556,35,3.514,1.156,35
coffin,6,4.061,2.558,33,2.029,1.2,34,3.212,1.919,33,6.844,0.507,32,6.412,1.061,34,5.226,1.698,31,3.743,1.155,35,4.5,1.577,34,4.394,0.694,33
column,6,3.242,1.81,33,5.294,1.016,34,5.656,1.613,32,5.824,1.271,34,5.636,1.554,33,4.667,1.7,33,4.177,1.2,34,4.294,1.563,34,4.438,0.827,32
comb,4,3.25,1.937,32,5.25,0.559,32,5.618,1.284,34,6.625,0.696,32,6.656,0.814,32,5.968,1.231,31,2.788,1.122,33,2.032,0.967,31,3.677,1.529,34
compass,7,3.647,1.892,34,5.559,0.847,34,5.441,2.117,34,6.412,1.061,34,6.324,1.387,34,4.968,1.448,31,4.5,1.289,34,2.636,1.298,33,4.971,1.043,34
complex,7,4.879,2.157,33,4.273,1.441,33,4.758,1.892,33,2.546,1.258,33,2.485,1.52,33,5.677,1.511,31,4.969,1.075,32,5.333,1.428,33,3.576,1.498,33
concept,7,4.735,2.2,34,5.686,1.26,35,5.886,1.785,35,2.057,1.393,35,2.6,1.438,35,5.618,1.476,34,5.5,1.219,34,5.086,1.273,35,4.229,0.831,35
consent,7,4.588,2.088,34,6.471,1.649,34,6.364,2.422,33,3.364,1.72,33,3.147,1.647,34,5.969,1.262,32,5.529,1.266,34,4.515,1.234,33,3.303,1.029,33
console,7,4.912,2.035,34,5.857,1.659,35,4.677,1.89,34,3.382,1.732,34,4.177,1.839,34,4.807,1.574,31,5.314,1.19,35,4.324,1.322,34,3.576,1.326,33
contempt,8,4.714,2.159,35,3.286,1.649,35,5.286,1.95,35,3.029,1.54,35,3.229,1.532,35,4.912,1.579,34,5.629,1.221,35,4.657,1.473,35,3.912,1.245,34
context,7,4.061,1.953,33,5.543,1.155,35,4.833,1.267,30,2.853,1.498,34,2.5,1.275,32,5.516,1.388,31,5.629,1.244,35,4.182,1.486,33,3.875,0.74,32
contract,8,3.971,1.594,35,4.853,1.574,34,4.5,2.428,34,5.546,1.479,33,5.364,1.41,33,5.452,1.187,31,4.943,1.194,35,4.029,1.424,35,4.857,0.833,35
costume,7,5.909,2.094,33,5.788,1.533,33,5.849,1.559,33,5.656,1.513,32,5.971,1.248,34,5.688,1.57,32,2.857,0.867,35,4.242,1.256,33,3.147,1.088,34
cottage,7,3.971,1.978,34,6.061,1.254,33,5.029,1.599,34,6.765,0.597,34,6.758,0.552,33,5.563,1.223,32,3.382,1,34,4.088,1.738,34,2.824,1.014,34
cotton,6,3.559,2.225,34,5.941,1.136,34,4.647,1.453,34,6.438,0.998,32,6.029,1.082,35,5.636,1.592,33,3.941,1.187,34,2.875,1.635,32,2.829,1.159,35
couch,5,3.667,2.077,66,5.788,1.343,66,5.344,1.428,64,6.758,0.552,66,6.716,0.594,67,5.9,1.35,60,2.818,1.086,66,3.742,1.396,66,4.406,0.861,64
cough,5,4.059,1.909,34,3.686,1.063,35,4.457,1.887,35,5.829,1.055,35,5.765,1.214,34,6.206,1.023,34,2.514,1.131,35,3.143,0.96,35,4.686,0.708,35
county,6,3.212,1.572,33,5.242,0.605,33,4.818,1.403,33,5.469,1.323,32,4.903,1.711,31,5.094,1.877,32,4.606,1.043,33,5.455,1.131,33,4.177,0.923,34
courage,7,7.206,1.106,34,8.143,1.099,35,7.758,1.303,33,2.4,1.074,35,3.697,1.714,33,5.324,1.567,34,3.794,1.255,34,5.886,1.008,35,4.882,1.255,34
crab,4,4.057,1.756,35,5.029,0.774,35,4.771,1.396,35,6.8,0.466,35,6.606,0.851,33,5.303,1.586,33,2.543,0.805,35,2.206,1.079,34,4.571,0.838,35
cricket,7,3,1.97,34,5.059,0.684,34,4.618,1.476,34,5.719,1.484,32,6.182,1.167,33,4.688,1.944,32,3.824,1.271,34,3.294,1.654,34,5.529,1.007,34
crisis,6,6.147,2.366,34,1.8,0.786,35,2.829,1.844,35,3.743,2.019,35,3.912,1.772,34,5.457,1.499,35,5,1.069,35,6.059,1.162,34,4.629,1.098,35
crude,5,5.303,1.467,33,3.364,1.367,33,5,1.323,32,2.576,1.181,33,2.563,1.248,32,4.6,1.381,30,5.419,1.29,31,3.906,1.071,32,5.345,1.026,29
crystal,7,6.371,2.016,35,6.943,1.351,35,5.829,1.159,35,6.114,1.347,35,6.143,1.099,35,4.912,1.755,34,3.943,1.241,35,2.8,1.582,35,2.118,1.132,34
cuddle,6,6.629,2.071,35,8.029,1.224,34,4.886,2.447,35,5.486,1.422,35,6,0.862,35,6.353,0.967,34,2.057,1.094,35,3.886,1.563,35,1.914,0.967,35
culture,7,5.824,1.947,34,6.882,1.255,34,4.903,2.085,31,3.188,1.878,32,3.853,1.478,34,6.281,0.91,32,5.152,1.077,33,6.25,0.829,32,3.059,0.802,34
cure,4,6.419,1.931,31,8,1.118,32,6,1.561,32,4.219,1.495,32,2.844,1.787,32,5.556,1.286,27,3.968,1.15,31,5.5,1.414,32,3.852,0.931,27
curtain,7,3.323,1.907,31,5.188,0.808,32,4.893,1.08,28,6.606,0.694,33,6.567,0.668,30,5.96,1.311,25,3.063,1.197,32,3.613,1.236,31,3.179,0.889,28
cushion,7,3.677,2.04,34,6.091,1.138,33,4.824,1.543,34,6.2,1.348,35,6.412,0.911,34,5.936,1.243,31,2.429,0.994,35,2.588,1.286,34,2.849,0.989,33
dance,5,6.424,1.688,33,6.879,1.365,33,5.909,1.848,33,4.807,1.554,31,6.125,0.893,32,6.233,1.174,30,2.546,1.208,33,4.382,1.261,34,2.531,0.935,32
dandruff,8,2.5,1.561,32,2.903,1.399,31,3.758,1.615,33,6.364,1.039,33,6.161,0.987,31,5,1.792,33,4.061,1.179,33,2.156,1.46,32,4.469,1.299,32
dare,4,6.242,2.001,33,4.606,1.391,33,5.594,2.075,32,3.406,1.366,32,3.5,1.785,32,5.719,1.352,32,3.364,1.226,33,4.636,1.039,33,4.727,1.188,33
date,4,5.559,2.452,34,6.824,1.382,34,5.152,1.909,33,4.382,1.351,34,5,1.757,35,6.121,0.977,33,3.735,1.481,34,4,1.373,35,2.794,1.231,34
delight,7,7.091,1.485,33,8.059,1.187,34,5.824,1.79,34,3,1.69,35,4.212,1.552,33,5.588,1.216,34,4.029,1.124,34,4.667,1.531,33,2.914,1.052,35
desert,6,4.968,2.117,31,4.9,1.739,30,4.258,2.228,31,6.125,1.431,32,6.219,1.293,32,5.581,1.432,31,3.515,1.184,33,5.188,2.053,32,4,1.031,32
despair,7,4.588,2.83,34,2.03,1.141,33,2.424,1.181,33,3.125,1.933,32,3.706,1.918,34,5.094,1.608,32,5.371,1.071,35,4.853,1.417,34,3.529,0.696,34
dessert,7,6,2.323,33,7.2,1.879,35,5.242,1.875,33,6.177,1.042,34,6.571,0.645,35,6.147,1.375,34,3.118,1.345,34,3.824,1.806,34,2.771,1.375,35
device,6,3.824,2.135,34,5.371,0.796,35,5.486,1.296,35,5.382,1.663,34,5,1.799,34,5.912,1.095,34,4.618,1.415,34,3.429,1.316,35,4.618,0.728,34
dinner,6,5.606,2.014,33,6.714,1.406,35,5.849,1.351,33,6.121,1.037,33,6.314,1.237,35,6.629,0.929,35,1.657,0.63,35,3.677,1.47,34,3.257,1.13,35
disgust,7,4.514,2.196,35,2.371,1.071,35,4.853,2.088,34,3.121,1.737,33,4.242,1.596,33,5.531,1.52,32,4.657,1.04,35,4.588,1.24,34,4.091,1.264,33
doctor,6,5.088,1.721,34,6.118,1.795,34,4.353,1.984,34,6.382,0.971,34,6.546,0.7,33,6.455,0.82,33,2.441,0.774,34,4.147,1.417,34,5.118,1.182,34
doctrine,8,4.968,2.469,31,4.871,2.166,31,4.367,2.652,30,3.774,1.754,31,2.839,1.483,31,3.242,1.81,33,6.719,0.624,32,5.484,1.292,31,4.968,0.933,31
donkey,6,3.706,2.149,34,5.182,0.968,33,5.343,1.689,35,6.588,0.844,34,6.667,0.841,33,5.281,1.807,32,2.543,1.104,35,4.059,1.282,34,4.857,1.355,35
doom,4,5.688,2.698,32,1.636,0.979,33,2.75,1.871,32,2.182,0.999,33,2.563,1.478,32,4.31,1.783,29,4.375,1.083,32,5.75,1.323,32,4.767,0.989,30
doubt,5,4.273,1.927,33,2.971,0.985,34,3.382,1.515,34,2.588,1.141,34,2.765,1.395,34,6.029,1.098,34,4.677,1.429,34,4.088,1.358,34,3.794,0.867,34
dread,5,5.548,2.153,31,2.065,0.878,31,3,1.39,29,2.5,1.09,32,2.875,1.556,32,4.5,1.68,28,5.063,1.116,32,4.871,1.475,31,4.379,0.848,29
duty,4,3.824,2.162,34,5.029,1.618,34,4.485,2.363,33,3.059,1.748,34,3.061,1.516,33,5.375,1.596,32,4.394,1.153,33,4.97,1.243,33,4.471,1.5,34
ease,4,4.314,2.108,35,6.914,1.273,35,6.143,1.838,35,2.829,1.424,35,3.529,1.786,34,5.059,1.679,34,4.057,1.194,35,3.882,0.993,34,3.286,0.913,35
employ,6,4.485,1.94,33,5.912,1.634,34,4.706,2.163,34,3.794,1.389,34,3.03,1.291,33,5.606,1.556,33,5.576,1.232,33,4.177,1.317,34,4.849,0.783,33
escort,6,4.543,2.129,35,5.059,1.211,34,4.265,1.836,34,4.314,1.669,35,4.143,1.515,35,3.939,1.841,33,5.971,0.971,35,4.375,1.364,32,3.629,1.532,35
essence,7,5.667,1.98,33,6.091,1.19,33,5.758,1.498,33,2.471,1.538,34,2.471,1.631,34,4.469,1.871,32,5.441,1.241,34,4.029,1.524,34,2.853,1.004,34
excuse,6,4.25,1.803,32,3.636,1.432,33,5.25,2.151,32,2.727,1.543,33,2.794,1.997,34,6.103,1.094,29,3.571,0.965,35,3.849,1.54,33,4.706,1.296,34
faith,5,4.406,2.668,32,6.636,2.158,33,4.618,2.567,34,2.286,1.631,35,3.486,1.73,35,5.625,1.635,32,3.829,1.276,35,5.294,1.618,34,3.061,1.071,33
fame,4,5.844,1.938,32,6,2,33,5.125,2.713,32,2.677,1.73,31,4.063,1.983,32,5.967,1.663,30,3.794,1.183,34,5.313,1.758,32,3.303,1.314,33
farewell,8,3.647,1.923,34,3.909,1.443,33,4.324,1.604,34,3.088,1.292,34,3.971,1.715,35,4.788,2.114,33,5.057,1.218,35,4.441,1.217,34,3.088,1.039,34
fault,5,3.588,2.102,34,2.853,1.004,34,4.324,1.859,34,2.576,1.326,33,2.5,1.613,34,5.71,1.3,31,3.429,1.178,35,4.206,1.389,34,4.257,0.905,35
feat,4,4.267,2.128,30,5.714,1.509,28,5.7,1.441,30,3.655,1.603,29,3.267,1.436,30,3.933,1.931,30,5.552,1.428,29,5.035,1.608,29,4.467,0.846,30
fiction,7,4.647,2.14,34,5.697,1.381,33,4.758,1.28,33,3.936,1.722,31,3.281,1.526,32,5.839,1.416,31,4.118,1.207,34,3.939,1.391,33,3.909,0.9,33
figment,7,4.065,2.395,31,5.065,1.243,31,4.903,1.729,31,2.167,1.067,30,2.938,1.713,32,4.147,1.817,34,5.677,1.147,31,3.233,1.838,30,3.71,0.887,31
fire,4,7.548,1.316,31,3.849,1.877,33,5.182,2.43,33,6.364,0.81,33,6.606,0.952,33,6.212,1.225,33,2.091,0.712,33,5.333,1.491,33,4.758,1.577,33
flea,4,2.656,1.761,32,3.469,1.369,32,4.375,1.781,32,6.424,0.954,33,5.938,1.499,32,4.515,1.94,33,3.606,1.254,33,1.4,0.917,30,4.406,0.861,32
fleet,5,3.824,2.431,34,4.714,1.002,35,4.914,1.592,35,5.086,1.422,35,5.059,1.798,34,3.677,1.859,34,5,1.163,34,5.212,1.754,33,4.714,1.255,35
flourish,8,6.5,1.944,34,7.543,1.203,35,6.059,2.248,34,3.029,1.485,34,3.941,1.924,34,4.382,1.715,34,5.412,1.032,34,4.914,1.381,35,2.412,1.331,34
food,4,6.735,1.771,34,7.606,1.229,33,6.606,1.874,33,6.313,0.634,32,6.5,0.619,30,6.87,0.337,23,1.765,0.644,34,4.242,1.326,33,4.133,0.884,30
forehead,8,3.382,1.609,34,5.257,0.648,35,5.114,1.237,35,6.714,0.658,35,6.657,0.532,35,5.818,1.192,33,2.743,1.078,35,3.4,1.497,35,4.229,0.721,35
forge,5,4.781,1.996,32,4.969,1.447,32,5.621,1.789,29,3.719,1.807,32,3.581,1.54,31,3.467,1.784,30,5.5,1.275,32,4.613,1.183,31,5.172,1.234,29
fortress,8,5.281,1.875,32,5.394,1.413,33,5.484,2.312,31,6.182,1.058,33,6.094,1.331,32,4.194,1.804,31,4.294,1.151,34,6.03,1.243,33,5.242,1.538,33
fraud,5,5.152,2.047,33,2.257,0.966,35,3.941,2.155,34,3.941,1.552,34,3.114,1.347,35,4.559,1.866,34,5.824,1.2,34,4.714,1.161,35,4.735,0.917,34
freedom,7,7.2,1.704,35,8.559,0.65,34,7.735,1.461,34,2.229,1.396,35,3.429,1.99,35,6.152,1.077,33,3.971,1.159,35,6.143,1.268,35,4.086,1.228,35
function,8,3.667,1.77,33,5.765,0.972,34,5.618,1.681,34,3.758,1.688,33,3.029,1.636,34,5.727,1.023,33,5,1.213,34,4.424,1.393,33,4.529,1.311,34
fuss,4,4.265,1.945,34,3.265,1.196,34,4.667,1.531,33,2.5,1.118,34,3.677,1.905,34,5.636,1.432,33,3.382,1.085,34,4,1.348,33,3.273,1.108,33
gain,4,4.788,2.027,33,6.531,1.785,32,6.471,1.44,34,3.429,1.4,35,3.677,1.843,34,5.625,1.341,32,3.794,1.231,34,4.412,1.478,34,4.273,0.897,33
game,4,5.636,1.982,33,5.559,1.612,34,5.667,1.428,33,4.625,1.452,32,5.394,1.278,33,6.323,0.929,31,1.886,0.785,35,4,1.138,34,4.719,1.305,32
garbage,7,2.853,1.665,34,2.941,1.136,34,4.971,2.121,34,6.242,1.256,33,6.286,1.232,35,4.406,2.09,32,3.971,1.248,34,4.242,1.634,33,5.029,1.082,35
giraffe,7,4.829,2.274,35,5.758,0.922,33,5.286,1.278,35,6.912,0.284,34,6.914,0.368,35,5.242,1.67,33,2.412,0.647,34,5.5,1.786,34,3.657,0.924,35
gist,4,3.559,1.973,34,5.667,1.155,36,5.571,1.555,35,2.4,1.398,35,2.057,1.492,35,5.029,1.839,34,5.743,1.227,35,3.677,1.548,34,4.056,0.815,36
glacier,7,5.059,2.222,34,5.286,1.406,35,4.839,1.851,31,6.086,1.228,35,6.441,0.847,34,4.818,1.914,33,5.143,1.15,35,5.909,1.694,33,4.086,1.339,35
glee,4,6.242,2.283,33,7.618,1.456,34,6.212,1.754,33,2.8,1.508,35,4.529,1.77,34,4.242,1.776,33,5.086,1.61,35,4.559,1.418,34,2.647,0.967,34
gloom,5,2.882,2.069,34,2.818,1.029,33,3.559,1.735,34,2.618,1.085,34,3.788,1.887,33,4.367,1.779,30,4.5,1.144,34,4.273,1.399,33,4.594,0.861,32
goose,5,3.686,1.909,35,5.4,0.685,35,5.257,1.13,35,6.429,1.178,35,6.314,1.008,35,5.625,1.341,32,2.441,1.063,34,2.971,1.363,35,3.886,0.919,35
greed,5,4.485,2.311,33,2.343,1.12,35,4.647,2.235,34,3.206,1.623,34,3.636,1.648,33,5.406,1.32,32,3.677,1.277,34,4.906,1.528,32,5.594,1.114,32
grind,5,4.771,2.38,35,4.121,1.61,33,5,1.775,33,4.229,1.436,35,4.029,1.859,35,4.771,1.675,35,5.229,1.333,35,3.152,1.158,33,4.971,1.2,34
guilt,5,4.625,2.355,32,2.294,1.177,34,3.118,1.694,34,2.529,1.289,34,3,1.328,34,6,1.279,33,4.147,1.286,34,5.529,1.144,34,4.061,1.127,33
guitar,6,5.548,1.864,31,6.548,1.24,31,5.688,1.285,32,6.677,0.642,31,6.724,0.738,29,6.435,1.014,23,3.212,0.879,33,3.906,1.308,32,4.964,1.052,28
hall,4,2.867,1.335,30,5.103,0.547,29,4.903,1.118,31,5.968,1.15,31,5.893,1.012,28,6.037,1.291,27,3,1.541,32,4.469,1.274,32,4.103,0.803,29
ham,3,3.636,2.32,33,5.257,1.499,35,5,1.195,35,6.647,0.8,34,6.588,0.691,34,6.177,1.15,34,2.029,0.654,35,2.588,1.216,34,4.471,0.882,34
hammock,7,4.152,2.19,33,5.758,1.207,33,5.294,1.226,34,6.258,0.841,31,6.121,1.249,33,4.677,1.856,31,4.559,1.217,34,3.588,1.717,34,4.382,0.94,34
hand,4,3.794,2.111,34,5.829,1.32,35,5.735,2.062,34,6.667,0.745,36,6.912,0.373,34,6.882,0.322,34,1.722,1.044,36,2.943,1.655,35,4.25,1.299,36
handle,6,3.412,1.784,34,5.303,1,33,5.97,1.749,33,5.697,1.314,33,5.265,1.668,34,5.576,1.326,33,2.971,1.23,35,2.941,1.305,34,4.265,0.917,34
harvest,7,4.933,2.128,30,6.531,1.145,32,5.516,1.341,31,5,1.459,31,4.8,1.6,30,4.172,1.662,29,4.219,1.386,32,5.355,1.064,31,4.25,1.122,28
hate,4,5.147,2.892,34,1.618,1.306,34,4.353,2.949,34,3.143,1.823,35,3.314,1.997,35,6.114,1.282,35,2.857,1.496,35,5.455,1.616,33,4.857,1.268,35
head,4,4.343,2.11,35,5.971,1.272,34,6.171,1.383,35,6.514,0.874,35,6.543,0.936,35,6.758,0.494,33,1.371,0.539,35,3.229,1.149,35,4.118,0.867,34
health,6,5.406,2.044,32,7.394,1.556,33,5.484,1.757,31,3.968,1.513,31,4.727,1.638,33,6.607,0.724,28,3.438,1.029,32,5.548,1.364,31,3.656,0.643,32
heaven,6,6.219,2.176,32,7.457,1.441,35,4.514,2.383,35,2.314,1.563,35,4.457,2.143,35,5.844,1.502,32,2.771,1.098,35,6.455,1.208,33,3.147,1.115,34
hit,3,5.371,2.256,35,2.882,1.323,34,5.971,2.236,35,5.514,1.273,35,5.588,1.24,34,6.152,1.258,33,2.324,0.962,34,3.829,1.765,35,5.429,1.05,35
honey,5,5.206,2.069,34,6.455,1.395,33,5.286,1.798,35,5.8,1.508,35,5.97,1.403,33,5.969,1.185,32,2.6,0.932,35,2.8,1.064,35,2.455,1.047,33
hope,4,6.849,1.725,33,8,1.306,34,6.212,2.129,33,2.455,1.876,33,3.5,1.883,34,6.364,0.948,33,3.353,1.026,34,5.735,1.521,34,2.971,1.175,34
hostage,7,5.714,2.614,35,1.8,1.009,35,2.286,1.994,35,5.429,1.479,35,5.543,1.25,35,4.912,1.837,34,5.371,0.959,35,4.429,1.536,35,4.629,1.333,35
hostess,7,5.086,2.062,35,5.882,1.451,34,5.412,1.833,34,5.886,1.41,35,5.629,1.375,35,4.818,1.749,33,5.057,1.433,35,3.618,1.164,34,1.486,0.841,35
hurdle,6,4.546,1.777,33,4.229,1.197,35,5.364,1.789,33,4.875,1.615,32,5.394,1.669,33,4.733,1.731,30,4.514,0.906,35,4.294,1.044,34,4.5,0.849,34
husband,7,5.588,2.251,34,6.677,1.344,34,5.382,1.698,34,5.971,1.543,34,5.853,1.458,34,6.212,1.037,33,3.029,1.248,34,4.706,1.425,34,6.441,0.976,34
impress,7,6.143,1.641,35,7.147,1.141,34,6.429,1.4,35,3.485,1.708,33,3.394,1.536,33,6,1.029,34,4.265,1.196,34,4.939,1.127,33,3.727,1.136,33
incest,6,3.849,2.765,33,1.441,0.735,34,4.206,1.937,34,4.118,1.967,34,4.412,2.198,34,4.656,1.93,32,6.412,0.943,34,4.455,1.908,33,4.529,1.091,34
island,6,5.438,2.277,32,6.485,1.48,33,5.029,1.543,34,6.313,1.236,32,6.412,0.974,34,5.625,1.635,32,3.057,0.924,35,4.824,1.977,34,3.667,0.91,33
issue,5,4.206,2.083,34,3.677,1.277,34,4.735,2.019,34,3.147,1.629,34,3.029,1.636,34,5.606,1.229,33,4.412,1.309,34,4.529,1.242,34,3.647,1.108,34
item,4,3.212,2.011,33,5.143,0.93,35,5.147,0.944,34,5.594,1.538,32,4.647,1.908,34,6.059,1.282,34,3.529,1.218,34,2.879,1.343,33,3.829,0.609,35
jacket,6,4.412,1.665,34,5.343,0.893,35,5.629,1.456,35,6.743,0.498,35,6.829,0.446,35,6.412,0.878,34,2.4,1.126,35,3.229,1.071,35,4.629,1.244,35
jewel,5,6.5,1.929,34,7.143,1.552,35,5.941,1.571,34,6.286,0.881,35,6.571,0.599,35,5.121,1.701,33,3.229,0.897,35,2.686,1.686,35,2.114,0.979,35
jungle,6,5.788,2.129,33,5.563,0.998,32,5.29,1.083,31,6.485,0.957,33,6.355,1.094,31,5.323,1.803,31,2.735,0.816,34,6.313,0.808,32,4.879,1.122,33
junk,4,3.242,1.923,33,2.735,1.12,34,4.743,1.537,35,5.088,1.597,34,5.571,1.42,35,5.424,1.538,33,3.4,1.101,35,3.471,1.311,34,4.912,0.981,34
justice,7,6.143,1.743,35,7.514,1.5,35,6.206,1.937,34,2.971,1.558,35,3.571,1.729,35,5.697,1.337,33,5.143,1.175,35,5.714,1.209,35,3.818,1.381,33
kill,4,5.086,3.157,35,1.486,1.131,35,4.371,3.181,35,4.229,1.806,35,5.457,1.518,35,5.344,1.743,32,2.943,1.12,35,5.857,1.624,35,5.886,1.036,35
knock,5,4.875,2.073,32,4.833,0.934,30,5.387,1.43,31,5.807,1.229,31,5.625,1.452,32,6.355,1.002,31,2.849,1.373,33,3.903,1.467,31,4.546,1.157,33
knowledge,9,7.129,1.184,31,8.156,1.003,32,7.226,1.717,31,2.387,1.517,31,2.781,1.948,32,6.231,0.973,26,4.219,0.96,32,5.875,1.293,32,4.379,1.031,29
lace,4,4.879,2.129,33,5.829,1.055,35,4.543,1.574,35,6.353,0.836,34,6.143,1.15,35,5.588,1.629,34,3.8,1.327,35,2.2,0.98,35,2.029,1.175,34
ladder,6,3.412,1.717,34,5.515,1.019,33,5.394,1.922,33,6.588,0.691,34,6.543,0.996,35,5.941,1.187,34,2.912,1.011,34,4.212,1.409,33,5.265,0.949,34
launch,6,5.516,1.965,31,6.061,1.153,33,6.188,1.57,32,3.313,1.379,32,3.909,1.545,33,4.9,1.599,30,4.188,1.261,32,5.094,1.355,32,4.643,0.811,28
leaf,4,3.543,2.322,35,5.735,0.98,34,5.412,1.849,34,6.324,1.156,34,6.314,1.582,35,6.212,1.148,33,2.114,0.785,35,2.121,1.122,33,3.353,1.108,34
leisure,7,5.765,2.302,34,7.235,1.373,34,6.029,1.74,34,3.457,1.81,35,4.177,1.271,34,5.5,1.44,34,4.941,1.259,34,4.706,1.177,34,3.371,1.267,35
leopard,7,5.75,1.837,32,5.636,1.202,33,5,1.758,33,6.727,0.75,33,6.824,0.381,34,5.281,1.586,32,3.091,1.288,33,4.235,1.395,34,4.059,1.162,34
lettuce,7,2.556,1.863,36,5.486,1.105,35,5.353,1.661,34,6.743,0.553,35,6.794,0.583,34,6.375,1.166,32,3.056,1.413,36,2.194,1.126,36,3.111,1.048,36
limit,5,3.543,1.746,35,4.147,1.331,34,3.4,2.059,35,2.824,1.599,34,2.529,1.557,34,5.735,1.267,34,4.143,1.175,35,3.714,1.83,35,4.088,0.702,34
line,4,3.313,1.59,32,5.029,1.055,35,4.735,1.441,34,5.529,1.48,34,6.114,1.45,35,5.735,1.379,34,2.171,0.81,35,3.147,1.141,34,4.088,0.445,34
lobster,7,4.914,1.795,35,5.294,0.986,34,5.257,1.155,35,6.771,0.539,35,6.677,0.756,34,5.029,1.654,34,3.743,1.13,35,3.2,1.283,35,4.457,0.873,35
luck,4,6.849,1.438,33,7.914,1.251,35,4.882,2.687,34,2.206,1.53,34,3.441,2.075,34,5.879,1.552,33,2.657,1.013,35,4.657,1.866,35,3.4,0.869,35
luggage,7,3.382,1.863,34,5.206,1.079,34,5.457,1.48,35,6.588,0.691,34,6.5,1.041,36,5.235,1.986,34,3.972,1.443,36,4.139,1.494,36,4.057,1.241,35
lumber,6,3.355,1.514,31,4.633,0.875,30,5.094,1.422,32,5.065,1.9,31,4.719,2.168,32,3.969,1.976,32,5.188,1.446,32,4.323,1.532,31,5.5,0.922,30
lunch,5,5.029,2.051,34,6.152,1.104,33,5.629,0.959,35,5.606,1.278,33,5.914,1.025,35,6.75,0.612,32,2.057,0.826,35,3.118,1.388,34,3.441,0.774,34
lust,4,7.353,1.73,34,5.543,2.297,35,4.743,2.832,35,2.794,1.677,34,4.171,1.949,35,5.781,1.363,32,5.771,1.197,35,5.441,1.265,34,3.514,1.888,35
malice,6,5.394,2.201,33,2.441,1.31,34,4.735,2.133,34,2.788,1.493,33,2.625,1.293,32,4.03,1.817,33,6.059,1.136,34,4.618,1.284,34,4.824,1.07,34
mammal,6,4.118,2.055,34,5.824,1.224,34,6.152,1.559,33,6.294,0.986,34,6.2,0.855,35,5.382,1.237,34,3.853,1.309,34,5,1.171,35,4.5,0.916,34
mansion,7,5.969,1.723,32,6.645,1.597,31,6.719,1.7,32,6.621,0.552,29,6.419,0.908,31,5.077,1.639,26,4.097,1.201,31,5.452,1.623,31,4.333,1.164,30
marvel,6,6.147,2.144,34,7.314,1.326,35,5.75,1.837,32,2.849,1.54,33,3.514,1.746,35,3.588,1.682,34,5.229,0.988,35,5.529,1.266,34,4.235,1.33,34
mate,4,5.771,1.709,35,7.143,1.291,35,5.971,1.671,34,4.543,1.574,35,4.824,1.543,34,5.875,1.341,32,3.514,1.204,35,4.086,1.461,35,5.382,1.237,34
melon,5,4.484,2.138,31,5.939,1.071,33,5.419,1.13,31,6.71,0.632,31,6.69,0.7,29,5.667,1.186,27,3.156,1.003,32,2.75,1.5,32,3.035,0.928,29
menace,6,5.576,1.892,33,2.571,1.226,35,5.088,2.174,34,3.343,1.264,35,3.857,1.641,35,4.029,1.978,34,4.086,1.461,35,4.943,1.393,35,5.429,0.994,35
merchant,8,3.936,1.544,31,5.4,0.879,30,5.188,1.488,32,5.161,1.221,31,4.875,1.341,32,4.069,1.946,29,5.25,1.118,32,4.133,1.231,30,5.25,0.829,32
message,7,4.743,1.826,35,5.471,0.848,34,5.543,1.273,35,5.171,1.54,35,4.857,1.476,35,6.235,1.086,34,3.471,1.169,34,3.171,1.23,35,3.853,0.733,34
metal,5,4.5,1.904,32,5.097,0.817,31,5.419,1.409,31,6.214,0.901,28,5.903,1.174,31,5.704,1.149,27,3.161,0.987,31,4.031,1.447,32,5.241,0.897,29
methane,7,3.273,2.287,33,4.2,1.141,35,4.677,1.344,34,5.429,1.591,35,3.714,1.965,35,3.939,1.906,33,6.177,1.042,34,3.677,1.727,34,4.618,0.908,34
method,6,3.441,1.557,34,5.686,1.063,35,5.457,1.679,35,3,1.231,33,2.882,1.659,34,5.938,1.368,32,4.778,1.272,36,4.059,1.136,34,4.771,1.098,35
midst,5,3.242,1.634,33,5.065,0.84,31,4.706,1.249,34,2.912,1.314,34,3.029,1.465,34,4.548,1.846,31,4.886,1.368,35,3.529,1.218,34,3.97,0.87,33
mirror,6,4.382,1.941,34,5.118,1.255,34,5.063,1.391,32,6.588,0.647,34,6.471,1.194,34,6.438,0.899,32,2.353,0.636,34,3.735,1.421,34,2.706,1.016,34
mischief,8,6.328,1.995,67,4.333,1.726,66,5.765,1.949,68,2.729,1.182,70,4.118,1.623,68,5.303,1.633,66,3.377,1.395,69,4.5,1.328,70,4.582,1.161,67
mistress,8,5.441,2.569,34,3.455,1.616,33,5.118,2.233,34,5.242,1.326,33,5.412,1.784,34,5.267,1.672,30,6.029,0.857,34,4.382,1.515,34,2.088,1.541,34
model,5,5.065,1.917,31,5.824,1.097,34,5.029,1.828,35,5.324,1.64,34,5.629,1.396,35,5.355,1.427,31,4.2,1.037,35,4,1.231,33,2.353,0.997,34
moisture,8,5.375,1.409,32,5.161,1.461,31,4.688,0.846,32,5.031,1.51,32,4.968,1.332,31,5.615,1.243,26,4.594,1.271,32,3.281,1.505,32,3.29,0.85,31
moment,6,4.813,2.186,32,5.813,1.261,32,5.719,1.441,32,2.3,1.069,30,2.645,1.381,31,5.828,1.177,29,3.875,0.927,32,3.226,2.059,31,3.645,0.863,31
monarch,7,4.059,1.97,34,5.324,1.843,34,4.818,2.668,33,5.286,1.56,35,5.818,1.359,33,4.471,1.5,34,5.171,1.521,35,5.576,1.393,33,4.152,1.672,33
monkey,6,5.353,2.181,34,6.057,1.094,35,5.257,0.769,35,6.559,0.881,34,6.794,0.404,34,5.647,1.661,34,2.114,0.747,35,3.257,1.461,35,4.857,0.899,35
monster,7,6.121,2.212,33,2.735,1.357,34,4.273,2.39,33,3.882,2.097,34,5.971,1.248,34,5.563,1.676,32,2.206,0.719,34,5.441,1.538,34,5.294,0.925,34
mood,4,4.906,2.141,32,5.313,1.356,32,4.882,1.762,34,2.6,1.335,35,2.765,1.61,34,6.226,0.792,31,3.471,1.118,34,4.229,1.475,35,3.515,0.744,33
morsel,6,3.531,1.658,32,3.903,1.593,31,3.903,1.692,31,4.172,1.599,29,4.807,1.554,31,3.97,1.946,33,5.121,1.43,33,2.438,1.58,32,4.091,0.965,33
moth,4,3.394,1.757,33,4,1.163,34,4.813,1.55,32,6.625,0.696,32,6.8,0.476,30,5.207,1.648,29,3.147,0.879,34,1.576,0.986,33,3.871,0.942,31
mother,6,5.143,2.058,35,8.314,1.141,35,4.914,2.59,35,6,1.414,35,6.594,0.785,32,6.613,1.037,31,1.629,0.897,35,5.242,1.436,33,1.088,0.373,34
mug,3,3.059,1.589,34,4.971,0.985,34,5,1.213,34,6.424,1.016,33,6.485,0.957,33,6.219,1.082,32,2.486,0.937,35,2.235,1.214,34,4.121,1.148,33
mural,5,3.355,2.072,31,5.906,1.444,32,5.567,1.309,30,5.645,1.617,31,5.033,1.703,30,3.355,1.733,31,5.344,1.189,32,4.133,1.565,30,3.469,1.089,32
myth,4,6.147,1.574,34,5.029,1.444,35,4.516,1.604,31,1.879,1.037,33,3.194,1.804,31,4.938,1.6,32,4.529,1.266,34,4.882,1.51,34,3.706,1.273,34
necklace,8,5.2,1.894,35,5.743,1.13,35,6.029,1.748,35,6.714,0.613,35,6.543,0.84,35,6.242,0.889,33,2.8,1.116,35,2.771,1.311,35,1.543,0.648,35
nectar,6,5.314,2.053,35,6.6,1.534,35,5.571,1.077,35,5.971,1,35,5.371,1.675,35,4.441,1.63,34,4.629,1.456,35,2.853,1.216,34,2.794,1.051,34
needle,6,4.829,2.731,35,3.677,1.277,34,4.486,1.826,35,6.714,0.658,35,6.429,0.904,35,5.606,1.705,33,3.2,0.709,35,2,1.586,35,3.286,1.232,35
neglect,7,4.576,2.85,33,1.571,0.767,35,3.188,1.81,32,2.794,1.623,34,4.057,1.926,35,4.667,1.717,33,5.086,0.874,35,4.912,1.652,34,4.429,0.994,35
neutral,7,4,1.59,34,5.206,0.632,34,4.774,1.099,31,3.394,1.205,33,2.636,1.473,33,5.323,1.511,31,4.5,1.266,34,3.909,0.9,33,3.485,0.821,33
notion,6,4.774,2.011,31,5.656,0.922,32,5.567,1.202,30,2.121,1.037,33,2.219,1.243,32,4.6,1.625,30,5.548,1.187,31,4.032,1.694,31,3.964,0.731,28
nuisance,8,4.086,2.075,35,2.686,1.115,35,4.294,1.775,34,2.943,1.433,35,3.314,1.801,35,5.147,1.683,34,4.257,1.25,35,3.912,1.541,34,4.257,1.295,35
nurture,7,4.849,2.337,33,7.177,1.361,34,5.618,2.115,34,3.257,1.842,35,3.636,1.534,33,4.875,1.85,32,5.294,1.362,34,4.438,1.456,32,1.879,1.008,33
office,6,3.613,1.861,31,4.485,1.077,33,4.515,1.672,33,6.25,0.935,32,6.484,0.798,31,6.194,0.997,31,3.394,1.013,33,4.313,1.402,32,4.455,0.891,33
ordeal,6,4.588,2.184,34,2.6,1.247,35,3.242,1.518,33,3.314,1.43,35,3.429,1.729,35,4.936,1.759,31,5.583,1.479,36,5.543,1.179,35,3.75,1.09,36
outrage,7,5.794,2.687,34,2.371,1.098,35,5.6,2.381,35,3.2,1.77,35,4.657,1.739,35,5.438,1.171,32,5.235,1.214,34,5.818,1.192,33,4.677,1.693,34
packet,6,3.765,1.767,34,5.177,1.124,34,5.257,1.179,35,5.97,1.267,33,5.909,1.288,33,6.097,0.962,31,2.686,1.008,35,2.914,1.204,35,4.265,0.816,34
palace,6,5.807,2.278,31,6.212,2.041,33,5.323,2.319,31,6.29,1.053,31,6.033,1.251,30,4.759,1.43,29,3.182,0.968,33,5.774,1.453,31,2.967,1.402,30
pamphlet,8,2.882,1.891,34,5.088,0.919,34,4.727,1.213,33,6.546,0.956,33,6.424,0.698,33,4.364,1.755,33,5.182,1.086,33,2.719,1.419,32,3.706,1.044,34
panther,7,5.8,2.265,35,5.314,1.09,35,5.543,2.169,35,6.765,0.489,34,6.265,1.481,34,4.774,1.946,31,3.972,1.658,36,4.677,1.387,34,4.743,1.317,35
parade,6,6.059,1.955,34,6.8,1.489,35,5.563,1.321,32,5.8,1.166,35,6.177,1.2,34,5.121,1.552,33,3.829,1.253,35,5.912,1.095,34,3.706,1.201,34
parrot,6,4.303,2.316,33,5.735,1.379,34,5.182,1.336,33,6.647,0.536,34,6.636,0.771,33,5.097,1.802,31,2.455,1.076,33,2.939,1.324,33,4.206,1.079,34
passage,7,4.586,2.252,29,5.625,1.293,32,5.167,1.267,30,4.871,1.581,31,5.29,0.923,31,4.8,1.579,30,4.484,1.074,31,3.9,1.165,30,3.807,0.858,31
passion,7,7.576,1.741,33,8.125,1.139,32,6.618,1.609,34,3.194,1.839,31,3.697,1.766,33,6.031,1.104,32,5.265,1.038,34,5.647,1.082,34,2.839,1.526,31
pause,5,2.879,1.701,33,4.882,0.867,34,4.529,1.595,34,4.059,1.494,34,3.182,1.696,33,5.871,1.157,31,3.303,1.058,33,3.281,1.205,32,3.939,0.736,33
pelvis,6,4.824,1.963,34,5.091,0.965,33,5.273,1.543,33,6.5,0.849,34,5.971,1.295,34,5.394,1.516,33,5.588,1.166,34,3.471,1.311,34,4.088,1.401,34
pension,7,3.607,2.257,28,5.788,1.629,33,3.75,1.765,28,4.515,1.5,33,2.936,1.294,31,5.185,1.701,27,5.323,1.175,31,3.906,1.444,32,4.258,0.671,31
people,6,5.697,2.081,33,6.333,1.385,33,5.457,2.359,35,6.226,1.237,31,6.364,1.226,33,6.548,0.978,31,2.235,1.238,34,5.344,0.988,32,4.029,1.082,35
person,6,4.743,2.371,35,5.75,1.392,32,5.471,1.311,34,6.371,1.149,35,6.147,1.216,34,6.581,0.752,31,2.371,1.149,35,4.441,1.459,34,3.939,0.489,33
pest,4,4.219,2.218,32,2.906,1.1,32,4.419,1.828,31,4.625,1.516,32,5.313,1.379,32,5.4,1.541,30,3.219,1.408,32,3.065,1.722,31,4.727,0.93,33
phantom,7,5.294,2.371,34,3.406,1.221,32,4.353,2.071,34,2.636,1.573,33,4.485,1.861,33,3.515,1.579,33,4.697,1.314,33,4.469,1.436,32,4.667,1.005,33
phase,5,3.618,1.732,34,5.059,0.838,34,4.8,1.19,35,3.091,1.602,33,2.971,1.382,34,5.031,1.262,32,4.943,1.241,35,3.765,1.086,34,4.057,0.63,35
pheasant,8,3.031,1.61,32,4.941,0.873,34,4.735,1.703,34,6.618,0.875,34,6.177,1.294,34,4.235,2.059,34,4.441,1.557,34,3.576,1.393,33,4.667,0.876,33
picket,6,4.621,1.919,29,4.75,1.275,32,4.933,1.459,30,5.3,1.215,30,4.828,1.62,29,4,2.11,31,5.645,1.259,31,3.767,1.146,30,4.161,0.987,31
picture,7,4.879,2.226,33,6.118,1.078,34,5.697,1.291,33,5.912,1.422,34,5.969,1.51,32,6.606,0.736,33,2.212,0.977,33,3.794,1.301,34,3.382,0.805,34
piece,5,3.471,1.77,34,5.088,0.919,34,5.147,1.115,34,4.941,1.514,34,4.471,1.419,34,6.206,1.278,34,2.412,1.061,34,2.118,1.132,34,3.656,0.69,32
pillow,6,4.914,2.26,35,6.343,1.218,35,5.543,2.234,35,6.441,0.811,34,6.629,0.831,35,6.563,0.899,32,1.971,1.082,35,3.324,1.181,34,3.147,1.141,34
pint,4,4.788,1.95,33,5.765,1.373,34,5.469,1.323,32,6.303,0.904,33,6.636,0.643,33,6.382,0.841,34,4.824,1.599,34,2.697,1.167,33,5.546,0.82,33
pity,4,3.515,1.708,33,3.226,1.007,31,3.727,1.42,33,2.323,1.305,31,3.344,1.881,32,5.645,1.309,31,4.212,1.174,33,3.742,1.436,31,3.333,1.035,33
plasma,6,3.971,2.104,35,5.257,1.051,35,5,1.213,34,5.171,1.404,35,3.515,1.909,33,3.686,2.053,35,5.8,1.116,35,3.441,1.684,34,4.343,1.094,35
plea,4,4.912,1.522,34,3.6,1.314,35,3.235,1.956,34,3.8,1.527,35,3.4,1.839,35,4.563,1.6,32,4.971,1.224,34,3.941,1.662,34,3.257,0.905,35
pleasure,8,7.257,1.81,35,8.091,1.138,33,5.97,2.38,33,2.206,1.079,34,3.677,1.727,34,6,1.173,32,4.771,1.587,35,5.343,1.308,35,2.971,1.485,34
police,6,5.375,2.342,32,4.516,2.367,31,3.719,2.649,32,6.194,1.09,31,6.387,1.098,31,6.438,0.864,32,2.882,1.078,34,5.177,1.581,34,5.546,1.076,33
portrait,8,4.324,1.859,34,5.735,0.949,34,5.242,1.303,33,6,1.111,34,6.152,0.925,33,5.294,1.446,34,4.294,1.099,34,4,1.348,33,3.735,1.22,34
power,5,5.882,2.576,34,5.781,2.218,32,7.242,2.283,33,2.879,1.451,33,3.818,2.022,33,5.774,1.21,31,3.412,1.375,34,5.677,1.532,31,5.333,1.385,33
prestige,8,6.059,1.999,34,7.029,1.562,34,6.219,2.011,32,3.143,1.641,35,3.441,1.612,34,3.969,1.705,32,6.2,0.855,35,5.441,0.945,34,4.529,1.5,34
pride,5,5.857,2.206,35,5.943,2.461,35,6.794,2.041,34,2.8,1.546,35,3.412,1.768,34,5.758,1.875,33,4.486,1.339,35,5.147,1.647,34,4.857,1.588,35
prince,6,5.567,1.627,30,6.161,1.547,31,5.063,2.249,32,6.035,0.85,29,5.929,0.997,28,5.231,1.671,26,2.355,0.785,31,4.258,1.135,31,6.6,0.663,30
princess,8,5.971,2.242,34,7.265,1.614,34,5.029,2.189,34,5.677,1.622,34,6.344,1.135,32,5.281,1.988,32,1.912,0.742,34,4.438,1.345,32,1.382,0.687,34
prison,6,5.063,2.061,32,1.906,0.98,32,2.344,1.864,32,6.2,1.249,30,6,0.916,31,5.379,1.495,29,3.719,1.038,32,5.613,1.183,31,5.548,0.874,31
product,7,3.829,1.797,35,5.059,0.906,34,4.771,1.658,35,5.2,1.753,35,4.735,1.884,34,5.939,1.179,33,4.457,1.024,35,3.771,1.098,35,4.324,1.156,34
progress,8,5.559,2.075,34,7,1.576,33,6.531,1.561,32,3,1.414,33,3.364,1.702,33,6.344,0.643,32,4.794,1.207,34,5.094,1.284,32,4.182,0.903,33
project,7,4.594,1.918,32,5.469,1.199,32,5.281,1.841,32,4.242,1.518,33,4.156,1.856,32,5.964,1.017,28,4.235,1.214,34,4.677,1.118,31,4.324,0.83,34
pumpkin,7,4.125,2.176,32,5.606,1.179,33,5.412,1.166,34,6.788,0.591,33,6.849,0.359,33,5.182,1.817,33,2.647,0.871,34,3.206,1.53,34,3.706,1.016,34
punch,5,5.567,2.472,30,2.742,1.294,31,6.156,2.078,32,5.419,1.04,31,5.258,1.294,31,5.482,1.424,27,2.969,1.104,32,4.129,1.129,31,5.931,0.868,29
pupil,5,3.914,1.61,35,5.364,0.771,33,5.156,1.787,32,5.807,1.06,31,5.906,1.331,32,5.677,1.49,31,3.4,1.074,35,3.086,1.339,35,3.719,0.943,32
puzzle,6,5.118,2.246,34,5.429,1.517,35,5.257,1.61,35,4.882,1.491,34,5.647,1.412,34,5.781,1.023,32,2.8,1.141,35,3.514,1.317,35,4.114,0.666,35
python,6,5.588,1.881,34,4.182,1.424,33,4.576,1.985,33,6.441,0.881,34,6.382,1.164,34,4.152,1.893,33,4.229,1.416,35,4.788,1.683,33,5.242,1.102,33
rain,4,4.636,2.447,33,3.971,1.823,34,4.029,1.654,34,6.294,0.925,34,6.529,0.696,34,6.576,1.045,33,2,0.888,33,4.303,1.766,33,3.882,0.963,34
rattle,6,4.455,2.031,33,5.061,1.071,33,4.909,1.525,33,5.706,1.544,34,5.912,1.597,34,4.485,1.909,33,2.091,1.525,33,2.441,1.397,34,3.818,0.796,33
reason,6,4.594,2.163,32,6.265,1.171,34,5.546,1.94,33,2.697,1.527,33,3.029,1.765,35,5.912,1.337,34,3.382,1.261,34,4.853,1.458,34,3.853,1.191,34
recall,6,4.156,1.394,32,5.406,0.744,32,5.781,1.672,32,3.333,1.531,33,3.294,1.856,34,5.194,1.554,31,5.147,1.167,34,3.906,1.1,32,3.818,0.869,33
reject,6,4.171,2.558,35,2.088,0.981,34,4.333,2.531,33,2.829,1.134,35,2.971,1.594,35,5.485,1.438,33,5.057,1.473,35,4.382,1.515,34,4.706,1.151,34
report,6,3.371,1.914,35,4.543,0.996,35,4.829,2.118,35,5.343,1.433,35,4.829,1.54,35,5.909,1.311,33,4.314,1.166,35,4.057,1.04,35,4.735,1.009,34
reptile,7,4.086,2.347,35,4.543,0.966,35,5.171,1.404,35,6.429,0.965,35,6.457,0.691,35,5.147,1.751,34,3.629,1.267,35,3.4,1.534,35,5.147,1.004,34
resort,6,4.367,1.975,30,5.781,1.745,32,5.242,1.652,33,4.344,1.632,32,4.387,1.754,31,4.533,1.708,30,4.813,1.044,32,4.613,1.58,31,4.067,0.892,30
respect,7,5.743,1.73,35,7.939,0.814,33,7,1.645,34,3.257,1.61,35,3.771,1.64,35,6.471,0.696,34,3.686,0.854,35,5.571,1.05,35,3.6,1.269,35
risk,4,6.324,2.206,34,3.514,1.422,35,4.882,1.827,34,3.194,1.908,31,3.125,1.536,32,5.839,1.081,31,3.941,0.998,34,5.636,1.15,33,4.813,0.808,32
role,4,4.281,2.019,32,5.688,0.846,32,5.667,1.82,33,3.515,1.329,33,3.226,1.601,31,5.448,1.248,29,3.788,1.174,33,4.273,1.441,33,4.061,1.205,33
romance,7,7.086,2.116,35,7.486,1.73,35,5.486,1.918,35,3.486,1.842,35,4.857,1.588,35,6.273,0.789,33,4.294,1.318,34,5.5,1.289,34,2.114,0.887,35
rubble,6,4.313,1.878,32,3.788,1.066,33,4.936,1.343,31,6.032,1.379,31,5.938,1.197,32,5.156,1.734,32,4.613,1.236,31,4.097,1.711,31,4.788,0.844,33
ruffle,6,4.781,1.948,32,5.059,1.187,34,5.303,1.586,33,4.606,1.536,33,5.059,1.626,34,4.552,1.773,29,3.829,1.576,35,3.129,1.497,31,3.273,1.286,33
saloon,6,3.875,1.996,32,5.29,1.022,31,4.833,1.067,30,6,1.391,31,5.758,1.498,33,4.29,2.035,31,5.094,1.331,32,4.258,1.343,31,4.424,1.415,33
sandwich,8,4.719,2.183,32,5.971,1.276,35,5.118,1.586,34,6.686,0.574,35,6.771,0.539,35,6.677,0.736,31,2.294,0.986,34,2.529,1.398,34,4.333,1.172,33
scalpel,7,4.455,1.986,33,4.515,1.306,33,5.382,1.627,34,6.029,1.483,35,6.091,1.138,33,4.758,1.955,33,5.412,1.032,34,2.714,1.578,35,4.364,0.979,33
script,6,4.031,1.794,32,5.424,1.045,33,4.727,1.879,33,5.529,1.398,34,4.97,1.425,33,5.452,1.499,31,4.765,1.086,34,3.471,1.242,34,4,0.817,33
seed,4,4.758,1.558,33,6.273,1.286,33,5.656,1.314,32,6.323,0.963,31,6.2,1.046,30,5.207,1.349,29,2.849,1.048,33,2.061,1.774,33,3.407,1.284,27
sentence,8,3.469,1.52,32,5,0.612,32,5.194,1.712,31,5.063,1.519,32,5.469,1.581,32,6.467,0.921,30,2.939,0.851,33,3.156,1.372,32,3.813,0.39,32
service,7,3.853,1.942,34,5.971,1.445,34,4.697,1.679,33,3.857,1.355,35,3.057,1.62,35,5.455,1.616,33,4.514,1.317,35,4.412,1.417,34,4.177,1.504,34
settle,6,3.091,1.602,33,5.588,1.331,34,4.886,1.997,35,3.588,1.309,34,2.829,1.363,35,5.303,1.267,33,3.714,1.523,35,3.735,1.559,34,3.412,1.166,34
shaft,5,5.065,2.184,31,4.727,1.746,33,4.774,1.621,31,5.5,1.061,32,5.156,1.752,32,3.839,1.78,31,5.355,1.284,31,3.7,1.487,30,5.138,1.136,29
shame,5,3.971,2.229,34,2.294,1.099,34,3.059,1.893,34,2.8,1.6,35,3.412,1.555,34,5.647,1.37,34,4.118,1.278,34,4.706,1.758,34,3.765,1.139,34
shark,5,6.046,2.086,65,3.818,1.476,66,4.358,2.348,67,6.762,0.495,63,6.81,0.467,63,5.156,1.914,64,2.647,0.967,68,5.262,1.395,65,5.597,0.993,67
shirt,5,4.133,1.91,30,5.258,0.841,31,5.6,1.405,30,6.828,0.378,29,6.692,0.722,26,6.435,0.876,23,2.531,0.829,32,3.094,1.208,32,5.133,0.957,30
shrug,5,3.147,1.683,34,3.882,1.157,34,5.353,1.588,34,4.457,1.696,35,5.294,1.544,34,5.853,1.593,34,4.194,1.43,36,2.8,1.348,35,4.194,1.198,36
signal,6,4.091,2.137,33,5.486,0.874,35,5.265,1.804,34,4.886,1.753,35,4.914,1.697,35,5.758,1.232,33,3.657,1.17,35,3.943,1.264,35,4.212,0.807,33
sin,3,5.781,2.328,32,2.059,1.846,34,4.625,2.421,32,2.606,1.536,33,3.618,1.91,34,5.455,1.76,33,4.2,1.635,35,5.559,1.538,34,4.735,1.54,34
sister,6,4.969,2.069,32,6.4,1.76,35,5.257,1.556,35,6.114,1.008,35,6.229,1.244,35,6.516,0.757,31,2,1.171,35,4.457,1.592,35,1.471,0.776,34
slave,5,5.092,2.641,65,1.554,0.878,65,2.27,2.169,63,5.048,1.568,63,5.563,1.379,64,4.368,1.86,57,4.09,1.047,67,4.152,1.708,66,4.185,1.239,65
sleep,5,5.273,2.81,33,7.758,1.303,33,5.485,2.664,33,4.75,1.521,32,5.936,1.523,31,6.844,0.441,32,1.677,0.83,34,4.273,1.523,33,3.677,1.344,34
slope,5,3.6,1.945,35,5.139,1.032,36,4.147,2.13,34,5.735,1.335,34,6.265,0.816,34,5.406,1.869,32,3.914,1.402,35,4.735,1.4,34,4.194,0.967,36
slum,4,4.065,2.422,31,2.25,1.031,32,3.688,2.053,32,4.875,1.635,32,5.387,1.452,31,3.903,1.784,31,5.613,1.127,31,5.032,1.513,31,4.656,0.888,32
smear,5,3.636,2.101,33,4.118,1.078,34,5,1.531,35,4.818,1.242,33,5.324,1.64,34,4.188,1.424,32,5.029,1.341,35,2.857,1.15,35,3.5,1.399,34
smell,5,4.441,2.44,34,4.265,1.596,34,3.97,1.403,33,4.303,1.93,33,3.206,1.906,34,6,1.073,33,2.057,1.068,35,3.8,1.618,35,4.588,1.216,34
snail,5,2.531,1.346,32,4.645,0.969,31,4.9,1.3,30,6.704,0.656,27,6.815,0.388,27,5.125,1.641,24,2.355,0.785,31,1.71,1.022,31,4.464,1.052,28
snort,5,4.455,2.311,33,3.886,1.304,35,5.029,1.444,35,4.743,1.401,35,4.486,1.519,35,4.912,1.738,34,4.057,1.264,35,3.314,1.115,35,4.735,1.093,34
soldier,7,5.313,2.555,32,4.813,2.098,32,4.161,2.438,31,6.375,1.166,32,6.719,0.672,32,5.444,1.853,27,3.061,1.347,33,4.281,1.79,32,6.364,0.771,33
sorrow,6,3.657,2.495,35,2.061,1.043,33,3.6,2.114,35,2.765,1.554,34,3.6,1.727,35,4.788,1.871,33,5.057,1.094,35,4.457,1.696,35,3.314,1.115,35
sparkle,7,6.529,2.159,34,7.514,1.339,35,5.818,1.623,33,3.939,1.841,33,6.032,0.897,31,5.576,1.303,33,2.647,0.997,34,3.387,1.538,31,2.059,1.056,34
spinach,7,3.152,1.725,33,5.125,1.691,32,4.97,1.487,33,6.667,0.765,33,6.531,0.749,32,5.844,1.502,32,3.333,1.198,33,2.375,1.244,32,4.576,0.954,33
spirit,6,6.375,1.495,32,6.875,1.269,32,6.091,2.021,33,2.469,1.887,32,3.29,2.188,31,5.29,1.954,31,3.909,1.288,33,5.156,1.603,32,3.382,1.306,34
spit,4,3.813,2.228,32,2.697,1.243,33,5.5,2.062,34,6.029,0.878,35,6.029,1.23,35,4.912,1.616,34,2.758,1.232,33,2.6,1.357,35,5.618,0.971,34
spring,6,6.313,1.944,32,7.118,1.409,34,5.618,1.553,34,5.5,1.312,34,5.971,1.361,34,6.242,1.156,33,2.647,0.967,34,5,1.515,34,2.849,1.077,33
squash,6,4.343,1.881,35,4.2,1.116,35,5.543,1.746,35,5.057,1.585,35,5.143,1.588,35,4.743,1.778,35,3.343,1.094,35,3.229,1.311,35,4.206,0.9,34
squeeze,7,6.382,1.749,34,5.971,1.483,35,5.697,2.222,33,4.529,1.649,34,5.441,1.397,34,5.576,1.303,33,2.794,0.932,34,3.529,1.5,34,3.875,1.166,32
stab,4,6.182,2.43,33,1.853,1.331,34,4.059,2.566,34,5.177,1.424,34,5.788,1.32,33,5.667,1.47,33,4.206,1.389,34,4.441,1.63,34,5.324,0.83,34
status,6,5.5,1.719,34,5.706,1.226,34,5.971,2.007,34,3.059,1.798,34,3.471,1.595,34,5.344,1.553,32,5.143,1.312,35,5.118,1.022,34,4.969,1.447,32
stock,5,3.438,1.853,32,5.406,1.247,32,4.781,1.672,32,4.531,1.52,32,4.03,1.899,33,5.2,1.536,30,4.273,1.42,33,4.091,1.379,33,4.807,1.06,31
stomach,7,4.031,1.828,32,5.059,0.938,34,4.882,1.529,34,6.324,0.898,34,6.182,0.833,33,6.313,1.014,32,2.765,0.909,34,3.441,1.376,34,4.088,0.951,34
stove,5,3.636,1.755,33,5.588,1.24,34,5.706,1.758,34,6.406,1.195,32,6.618,0.971,34,5.367,1.816,30,3.706,1.383,34,3.625,1.576,32,3.667,1.491,33
strand,6,3.382,1.663,34,4.941,0.765,34,4.257,1.36,35,4.882,1.623,34,4.559,1.769,34,4.5,1.649,34,4.294,1.016,34,2.594,1.637,32,3.235,1.031,34
stretch,7,4.871,1.621,31,5.719,1.328,32,5.323,1.329,31,4.063,1.519,32,4.75,1.5,32,6.25,0.785,28,3.188,1.31,32,4.161,1.322,31,3.821,0.928,28
stride,6,4.941,2.1,34,5.971,1.224,34,6.824,1.445,34,4.235,1.238,34,4.5,1.266,34,5.303,1.193,33,5.029,1.382,34,4.546,1.416,33,5.059,0.968,34
string,6,3.118,2.04,34,5.229,0.59,35,4.914,1.68,35,5.882,1.323,34,6.143,1.312,35,6.091,1.138,33,2.6,0.901,35,2.242,1.326,33,4.029,1.108,35
suburb,6,2.938,1.413,32,4.788,1.43,33,4.25,1.768,32,5.091,1.215,33,5,1.459,31,4.483,1.567,29,5.364,0.948,33,4.879,1.343,33,3.333,1.106,30
success,7,6.8,1.6,35,8.371,0.929,35,7.588,1.375,34,3.257,1.537,35,4.143,1.693,35,6.303,0.904,33,4.242,1.102,33,6.057,0.893,35,3.829,1.253,35
surgeon,7,4.829,2.21,35,6.4,1.66,35,4.324,2.517,34,6.429,0.871,35,6.382,1,34,5.667,1.341,33,4.371,1.017,35,4.771,1.416,35,5.371,0.897,35
sweater,7,3.697,2.022,33,5.515,1.077,33,5.071,0.961,28,6.5,0.764,30,6.667,0.65,30,4.923,1.999,26,3.807,1.595,31,3.406,1.086,32,3.774,1.038,31
sword,5,5.714,2.3,35,4.147,1.353,34,6.212,1.996,33,6.618,0.687,34,6.677,0.468,34,5.121,1.771,33,2.686,0.949,35,4.029,1.339,34,5.829,1.028,35
table,5,3.357,1.674,28,5.129,0.609,31,5.033,1.14,30,6.704,0.597,27,6.792,0.406,24,6.733,0.629,30,2.313,1.044,32,3.875,1.364,32,4,0.679,26
taboo,5,5.657,2.39,35,3.206,1.255,34,4.118,1.952,34,2.286,1.446,35,2.429,1.517,35,3.647,1.861,34,5.886,1.389,35,4.571,1.555,35,4.086,1.131,35
talent,6,6.515,1.725,33,7.594,1.247,32,6.606,1.687,33,3.281,1.681,32,4.364,1.936,33,5.966,1.159,29,3.606,0.983,33,5.424,1.349,33,3.727,1.136,33
terror,6,5.794,2.598,34,1.677,0.794,34,3.118,2.18,34,2.853,1.683,34,4.353,2.071,34,5.212,1.533,33,4.294,1.177,34,5.853,1.216,34,5.088,1.121,34
texture,7,4.4,2.194,35,5.543,0.84,35,5.286,1.161,35,4.8,1.635,35,4.686,1.41,35,5.353,1.453,34,4.765,1.002,34,3.771,1.456,35,3.457,1.155,35
throat,6,3.886,1.617,35,5.057,0.754,35,5.457,1.537,35,6.457,0.936,35,6.543,0.691,35,6.091,1.111,33,2.771,1.123,35,2.912,1.095,34,4.229,1.098,35
tiger,5,6.235,2.25,34,5.667,1.172,33,4.853,2.403,34,6.706,0.708,34,6.727,0.789,33,6.212,1.225,33,2.029,0.985,34,4.794,1.728,34,4.765,1.535,34
toast,5,4.656,2.159,32,6.294,1.466,34,5.794,1.677,34,6.344,1.135,32,6.758,0.74,33,6.267,1.031,30,2.118,1.078,34,2.667,1.491,33,4.088,1.222,34
toilet,6,3.6,2.031,35,4.486,1.131,35,4.5,1.714,32,6.829,0.377,35,6.657,0.826,35,6.824,0.452,34,1.677,0.716,34,3.2,0.98,35,4.514,0.906,35
tortoise,8,4.194,2.306,31,5.781,1.243,32,5.241,1.194,29,6.786,0.49,28,6.75,0.433,28,4.929,1.668,28,3.129,1.008,31,2.516,1.16,31,4.4,0.712,30
town,4,4.788,1.513,33,5.576,1.074,33,4.75,1.696,32,5.813,0.882,32,5.933,0.964,30,6.379,0.806,29,2.906,1.071,32,4.719,1.441,32,4.067,0.727,30
toxin,5,5.353,2.363,34,2.471,1.144,34,4.147,1.942,34,5.03,1.586,33,3.941,1.608,34,3.735,1.852,34,5.912,1.121,34,3.529,1.786,34,4.529,0.848,34
traffic,7,4,1.904,32,3,1.32,31,3.219,1.515,32,5.793,0.886,29,6.103,0.885,29,6.067,1.365,30,3.452,1.16,31,5.563,0.933,32,4.5,0.764,30
transit,7,3.125,1.763,32,4.909,0.965,33,4.618,1.456,34,4.182,1.566,33,3.382,1.681,34,4.147,1.478,34,5.5,1.064,34,4.242,1.371,33,4.941,1.083,34
treason,7,4.849,2.463,33,1.818,0.999,33,4.788,2.041,33,3.161,1.687,31,2.969,1.63,32,4.061,2.044,33,5.571,1.271,35,5.382,1.112,34,5.313,0.982,32
treasure,8,6.909,1.865,33,7.824,1.224,34,6.353,1.493,34,5.206,1.659,34,6.143,1.018,35,5.265,1.4,34,2.6,1.047,35,5.029,1.521,35,3.941,1.136,34
trend,5,5.091,1.865,33,5.548,1.643,31,3.909,1.602,33,2.853,1.556,34,3.212,1.343,33,5.321,1.167,28,4.971,1.339,34,4.667,1.385,33,3.452,1.073,31
triumph,7,7.088,1.616,34,8.2,1.116,35,7.229,1.838,35,3.364,1.738,33,4.065,1.813,31,5.182,1.466,33,5.029,1.23,35,5.879,1.094,33,4.735,1.12,34
troll,5,4.324,2.676,34,3.029,1.298,35,4.088,1.56,34,4.343,2.267,35,5.686,1.526,35,4.286,1.891,35,3.429,1.42,35,4.543,1.696,35,5.571,0.994,35
trouble,7,6.029,2.384,35,2.457,1.317,35,4.879,2.253,33,3.2,1.582,35,3.429,1.591,35,5.882,1.471,34,2.486,0.77,35,5.143,0.93,35,4.914,1.025,35
trousers,8,3.515,1.828,33,5.294,0.859,34,5.412,1.417,34,6.706,0.516,34,6.629,0.959,35,6.688,0.583,32,1.971,0.654,35,3.121,1.365,33,5.912,0.919,34
trumpet,7,4.818,1.976,33,5.636,1.202,33,5.273,1.601,33,6.794,0.583,34,6.844,0.363,32,5.563,1.58,32,3.353,0.936,34,3.563,1.657,32,4.647,0.967,34
trust,5,5.147,2.031,34,7.406,1.455,32,5.706,2.022,34,2.441,1.575,34,2.735,1.335,34,6.133,1.204,30,3.086,0.937,35,5.177,1.581,34,3.147,1.353,34
tulip,5,3.971,1.993,35,6.943,1.286,35,5.059,1.413,34,6.371,0.929,35,6.514,1.251,35,5.03,1.8,33,3.429,1.178,35,2.324,1.021,34,2.143,0.867,35
tumble,6,4.546,1.827,33,3.971,1.043,34,3.879,1.273,33,4.656,1.632,32,4.706,1.758,34,4.467,1.668,30,2.857,1.099,35,3.294,1.404,34,4.091,0.712,33
typhoon,7,6.455,2.105,33,3.25,2,32,3.875,2.355,32,6.25,0.866,32,6.281,0.943,32,4.424,2.147,33,5.182,1.14,33,6.25,1.173,32,4.844,1.302,32
ulcer,5,3.657,1.999,35,2.912,1.422,34,3.857,1.693,35,6.171,0.941,35,5.657,1.433,35,5.059,1.748,34,4.857,1.457,35,2.343,1.393,35,4.265,0.949,34
urge,4,5.97,1.834,33,4.471,1.289,34,4.97,2.222,33,2.879,1.409,33,2.618,1.213,34,5.419,1.454,31,5.147,1.263,34,4.529,1.194,34,4.529,1.144,34
usher,5,3.857,2.1,35,4.8,0.98,35,4.265,1.787,34,4.588,1.593,34,4.571,1.841,35,3.818,1.817,33,5.457,1.078,35,3.543,1.25,35,5.114,1.326,35
venom,5,5.353,2.622,34,2.576,0.922,33,4.546,2.203,33,4.8,1.618,35,4.457,1.778,35,4.788,1.903,33,4.882,1.278,34,3.735,1.521,34,4.515,1.209,33
verge,5,4.697,1.867,33,4.618,1.164,34,4.313,1.424,32,4.063,1.767,32,4.344,1.831,32,4.273,1.71,33,5.486,1.18,35,4.375,1.452,32,4.242,1.016,33
version,7,3.647,1.607,34,5.118,0.631,34,5.485,1.282,33,2.844,1.787,32,2.688,1.861,32,5.333,1.295,33,4.257,1.078,35,4.059,1.027,34,3.844,0.565,32
victim,6,5.486,2.298,35,1.829,0.971,35,2.571,1.961,35,4.371,1.675,35,4.857,1.552,35,5.714,1.406,35,4.657,1.218,35,3.686,1.753,35,3.2,0.98,35
virtue,6,5.471,2.047,34,7.618,1.553,34,6.147,2.198,34,2.118,1.231,34,2.343,1.351,35,4.688,2.068,32,5.314,1.389,35,4.743,1.662,35,2.8,1.546,35
vowel,5,3.212,1.701,33,5.367,1.016,30,4.939,1.369,33,3.97,1.766,33,3.645,1.993,31,5.75,1.479,32,3.939,1.099,33,2.727,1.262,33,3.688,0.882,32
vulture,7,4.529,2.018,34,2.97,1.507,33,4.647,2.085,34,5.909,1.311,33,5.939,1.556,33,4.212,1.838,33,4.771,1.311,35,3.588,1.517,34,4.8,1.166,35
waitress,8,3.727,2.273,33,5.813,0.808,32,5.286,1.523,35,6.5,0.777,34,6.4,0.8,35,6.063,1.088,32,3.571,1.129,35,3.412,1.458,34,1.333,0.682,33
wallet,6,5.03,1.605,33,5.313,1.074,32,4.71,1.708,31,6.613,0.704,31,6.759,0.567,29,6.071,0.961,28,3.606,1.229,33,2.677,1.28,31,5.903,1.088,31
walnut,6,3.091,1.764,33,5.364,0.948,33,4.727,1.503,33,6.212,1.273,33,6.333,1.172,33,4.531,1.871,32,3.97,1.403,33,1.879,1.094,33,4.118,0.963,34
walrus,6,3.939,2.386,33,5.629,1.354,35,5.029,1.15,34,6.559,0.847,34,6.765,0.489,34,4.531,2.076,32,3.571,1.479,35,4.939,1.687,33,5.219,1.192,32
whimper,7,4.194,2.007,31,3.152,0.892,33,2.903,1.228,31,3.727,1.238,33,3.844,1.46,32,3.654,1.44,26,4.849,1.209,33,2.25,1.25,32,3.161,0.883,31
whisper,7,5.281,1.891,32,5.313,1.102,32,4.688,1.776,32,3.844,1.349,32,3.625,1.867,32,5.92,1.017,25,2.656,1.019,32,2.25,1.392,32,2.897,0.759,29
whore,5,5.969,2.325,32,1.906,1.011,32,2.906,1.809,32,3.677,1.532,31,4.333,1.398,30,5.071,1.624,28,6.156,1.121,32,4.094,1.422,32,1.867,0.991,30
wisdom,6,5.939,2.335,33,8.188,1.13,32,6.931,1.437,29,1.936,1.162,31,2.5,1.696,32,5.357,1.493,28,4.697,1.114,33,5.677,1.175,31,3.656,1.533,32
wish,4,6.194,1.615,31,6.938,1.6,32,5.313,1.722,32,2.344,1.449,32,2.581,1.582,31,6.077,0.917,26,2.452,0.945,31,4.969,1.38,32,3.25,0.785,28
wit,3,6.697,1.193,33,7.152,1.209,33,6.355,1.536,31,2.742,1.367,31,2.813,1.648,32,5.214,1.264,28,5.242,1.102,33,3.742,1.48,31,4.533,0.806,30
wood,4,3,1.882,35,5.206,0.9,34,5.265,1.066,34,6.727,0.617,33,6.606,0.547,33,6.303,1.058,33,2.629,1.044,35,3.727,1.763,33,5.235,1.059,34
wrath,5,6.129,2.196,31,2.636,1.772,33,4.5,2.232,30,3,1.837,32,2.875,1.816,32,3.7,1.636,30,5.909,0.933,33,5.313,1.488,32,4.867,1.31,30
wrestle,7,5.121,1.935,33,4.571,1.555,35,5.471,2.265,34,5.546,1.499,33,5.758,1.349,33,5.061,1.669,33,3.743,0.936,35,4.343,1.433,35,5.857,1.125,35
yeast,5,3.219,1.781,32,4.613,1.21,31,4.938,0.864,32,5.531,1.414,32,4.594,1.637,32,4.613,1.79,31,5.382,1.329,34,2.706,1.383,34,3.382,0.908,34
zebra,5,4.818,1.749,33,5.939,1.278,33,5.406,1.343,32,6.807,0.47,31,6.813,0.583,32,5.192,1.882,26,2.818,0.968,33,4.147,1.438,34,4.129,1.07,31
