Word,aoa,aoakup,arousal,cd,conc,dom,fam,freq,gender,humor,image,meanings,semdiv,size,social,valence
affair,5.618,10.94,5.969,2.921686475,3.394,4.441,5.688,3.176958981,4.235,2.151515152,4.424,5,1.846129138,4.758,5.45,2.438
aisle,4.531,5.95,3.613,2.45484486,5.719,4.71,4.867,2.579783597,3.345,2.444444444,5.438,1,1.391624434,3.781,2.684210526,5.226
anchor,3.571,5.72,3.629,2.276461804,6.471,5.143,5.242,2.57863921,5.343,2.304347826,6.618,6,1.554455315,4.382,1.75,5.171
anger,2.794,6,5.636,2.806179974,3.647,4.618,6.235,2.996511672,4.914,1.5,4.758,2,1.559338815,5.515,5.391304348,2.529
ant,2,4.32,3.029,2.049218023,6.629,4.514,5.546,2.437750563,4.206,2.275,6.743,1,1.587603793,1.5,1.791666667,4.647
applause,3.629,6.2,6.686,2.559906625,5.6,6.686,6.03,2.761175813,3.914,2.5,5.914,1,1.57877409,5,5.608695652,7.8
apple,1.552313156,4.15,4.656662991,2.838849091,6.794734548,5.386291104,6.666421392,3.082066934,3.318842784,2.333333333,6.854933318,4,1.523402299,2.378004875,1.909090909,6.13410336
apron,3.226,6.75,3.724,2.033423755,6.452,4.344,4.615,2.136720567,2,2.257142857,6.613,2,1.473839647,2.719,1.571428571,5.226
arson,5.971,11.2,5.206,1.954242509,4.714,5.088,4.286,2.187520721,5.706,1.775,4.706,1,1.398705171,5.394,3.666666667,2.059
art,2.441,6.21,6.394,3.204662512,4.382,5.938,6.364,3.557747742,2.971,2.290322581,5.794,9,1.584697321,5.375,4.409090909,7.03
artist,3.265,6.78,5.235,2.889861721,5.546,6,5.879,3.164650216,3.265,2.486486486,6.212,4,1.23638393,4.515,6.19047619,6.912
aspect,5.971,10.35,3.857,2.235528447,2.6,5.469,4.906,2.29666519,3.735,2.333333333,1.943,6,2.089930887,3.471,2.52,5.531
asthma,4.029,10.39,3.667,2.100370545,5.457,3.031,5.182,2.29666519,4.177,1.548387097,4.829,1,1.383912921,4.059,3.095238095,2.471
attempt,3.914,7.7,3.727,2.876794976,3.629,5.743,5.765,2.989449818,3.886,2.25,3,4,2.231346303,4.059,3,5.829
author,3.743,7.1,4.735,2.401400541,5.576,5.546,5.941,2.608526034,3.912,1.666666667,4.714,3,1.603898914,3.677,3.958333333,6
baby,1.844,3.84,4.29,3.706632451,6.607,4.313,5.929,4.41462243,2.688,2.555555556,6.593,2,1.422198909,2.546,5.409090909,6.594
balloon,2.147,4.37,4.849,2.418301291,6.031,5.375,5.794,2.646403726,3.844,2.75,6.581,2,1.773791407,3.265,2.086956522,6.212
ban,3.667,10.11,3.818,1.929418926,3.576,3.906,5.516,2.206825876,4.563,2.171428571,3.129,6,1.69579871,3.97,3.954545455,2.548
bandage,2.912,5.94,4.2,2.100370545,5.971,4.441,5.5,2.167317335,3.97,2.090909091,6.265,2,1.459827826,2.8,2.391304348,4.171
basket,2.235,5.67,3.257,2.632457292,6.2,5.171,6,2.828015064,3.265,2.555555556,6.235,4,1.670694665,2.857,2.285714286,5.177
battle,3.514,6.95,5.576,3.051923916,5.387,5.559,4.897,3.333648757,6.091,1.727272727,5.686,4,1.821049514,6.059,5.863636364,2.333
bead,2.813,5.63,3.758,1.69019608,6.281,5.353,4.879,1.763427994,2.677,2.352941176,5.909,1,1.54866714,1.71,1.761904762,5.394
beer,4.147,6.11,5.177,3.256717746,6.629,5.353,6.618,3.585573519,5.882,2.806451613,6.714,2,1.370328336,3,4.043478261,5.543
beggar,4.303,7.63,3.031,1.944482672,5.844,4.323,4.931,2.103803721,4.844,2.125,6.258,4,1.478179956,2.968,5.043478261,2.7
belief,4.177,7.3,5.333,2.494154594,2.824,5.143,5.912,2.589949601,3.343,2.142857143,3.143,4,1.813870825,5.529,5.041666667,6.697
bitch,5.588,10.11,6.727,3.45484486,4.273,4.758,5.774,3.935003151,1.939,2.5,4.441,2,1.27736231,4.735,4.227272727,1.743
blame,3.286,6.48,4.343,3.323458367,2.543,3.765,6.057,3.476976466,4.286,1.8,2.571,4,1.917258524,5.171,5.681818182,2.743
bliss,5.121,10.16,6.455,2.079181246,2.667,5.969,5.125,2.206825876,2.455,2.357142857,3.938,1,1.707821885,5,3.85,8.091
blister,3.8,6.74,3.235,1.602059991,6.147,3.857,5.559,1.69019608,4.265,1.974358974,6.314,3,1.47115493,2.677,1.333333333,2.941
blood,2.412,4.89,5.406,3.54740546,6.057,4.765,6.219,3.977403481,4.212,1.7,6.412,11,1.661551894,4.118,2.652173913,4.758
blouse,3.912,6.65,4.094,2.274157849,6,5.125,5.281,2.436162647,1.758,2.137931034,6.121,1,1.197807805,2.656,1.952380952,5.531
boast,4.686,8.22,4.667,1.72427587,3.194,6.273,5.194,1.740362689,4.939,2.388888889,2.875,3,2.031002773,4.97,5.125,3.226
bondage,6.576,15.06,5.909,1.77815125,4.788,4.594,4.324,1.944482672,4.546,2.451612903,5.273,3,1.427975645,4.516,4.7,4.212
bonnet,4.515,6.83,3.129,1.73239376,6.469,4.966,3.033,1.982271233,2.7,2.694444444,6.281,7,1.417982206,2.781,1.565217391,4.939
bounce,2.364,6.17,5.697,2.536558443,4.531,6.065,5.781,2.701567985,3.406,3.03030303,5.188,3,1.705414419,3.906,2.173913043,6.273
bowel,5.441,9.72,3,2.103803721,6.091,4.706,4.618,2.264817823,4.606,2.909090909,4.818,4,0.882251607,3.529,1.526315789,3.879
bowl,2.059,4.26,3,2.834420704,6.546,5.324,6.281,3.039414119,3.971,2.428571429,6.424,4,1.554171951,2.688,1.727272727,5.212
bracket,4.606,8.56,2.938,1.301029996,5.594,4.643,4.759,1.51851394,4.484,2.333333333,5.161,6,1.792247008,2.355,2.1,5.065
breakfast,1.771,3.47,5.029,3.29380436,5.853,5.588,6.5,3.529173603,3.636,2.352941176,6.294,2,1.559764622,3.118,3.421052632,5.857
breast,4.324,6.6,6.294,2.501059262,6.485,5.647,6.188,2.660865478,1.303,2.972972973,6.5,6,1.492935035,3.485,3.636363636,6.353
bulge,4.677,8.1,4.333,1.62324929,5.125,4.758,5.161,1.69019608,5.118,3.03030303,5.75,3,1.663922407,4.273,2.15,4
button,2.265,4.78,3.677,2.954724791,6.382,5.559,6.156,3.15896526,3.912,2.423076923,6.647,5,1.624517474,1.818,1.227272727,5.235
camp,4.051761834,5.78,3.985295922,3.039414119,4.843153139,4.904704721,5.19725328,3.41713941,4.401628377,2,5.42749196,5,1.706831451,3.806017044,4.772727273,5.268324029
cancer,4.758,8.39,4.281,2.772321707,5.563,3.194,6.452,3.056904851,4.156,1.457142857,4.333,3,1.287048081,5.71,3.347826087,1.219
candle,3.063,5.37,4.903,2.465382851,6.621,5.969,6.259,2.612783857,3.097,2.388888889,6.774,2,1.537350015,2.194,1.625,6.333
candy,2.686,4,5.714,2.95568775,6.114,5.114,5.594,3.261500773,2.743,3.108108108,6.647,3,1.389031331,2.571,2.857142857,7.029
canoe,4.618,6.63,3.886,1.886490725,6.697,5.242,4.706,2.26245109,4.75,2.7,6.758,3,1.196423285,3.382,2.761904762,5.6
carcass,5.344,12.25,4.303,1.826074803,5.636,4.433,3.688,1.903089987,4.625,2.425,5.531,4,1.41780938,3.533,2,2.6
caress,5.667,10.89,6.563,1.763427994,4.156,5.424,4.581,1.84509804,2.355,2.59375,4.061,1,0.900216556,3.226,5.16,7.063
carpet,2.429,6.05,3.529,2.58546073,6.147,5.455,6.324,2.774516966,3.4,2.3,6.343,2,1.488822197,3.857,1.583333333,5.086
carriage,3.938,5.84,4.182,2.383815366,6.303,5.156,4.581,2.582063363,2.969,1.96,6.387,6,1.390949162,4.194,3.4,5.677
castle,2.548,5.8,5.875,2.583198774,6.5,5.968,5.931,3.041392685,4.8,2.487804878,6.759,4,1.503225312,5.97,3.043478261,6.065
cattle,3.706,6.53,3.242,2.423245874,6.5,5.412,5.233,2.829303773,4.559,2.066666667,6.212,1,1.257183621,4.242,2.434782609,5.265
caution,4.235,6.22,5.4,2.354108439,2.677,3.471,5.121,2.421603927,4.177,1.9,3.441,3,2.110212513,4.909,4.333333333,4.229
cease,5.471,9.26,4.125,2.475671188,3.742,4.706,4.281,2.649334859,4.394,2.027027027,2.719,3,2.09168875,4.125,2.272727273,3.647
ceiling,2.886,4.75,2.849,2.545307116,6.647,4.647,5.75,2.630427875,3.941,2.125,6.147,2,1.583030469,4.71,1.454545455,4.971
chauffeur,5.571,9.84,4.118,2.173186268,6.25,5.559,3.824,2.459392488,5.629,2.821428571,6.364,2,1.528509953,3.939,4.523809524,5.765
chest,3.066874634,5.05,4.781933529,3.07114529,6.324792664,5.574019976,5.817056828,3.320354033,4.321183744,2.225806452,6.2245254,5,1.536442071,3.945239883,2.1,5.430278801
chew,2.314,4.05,3.906,2.591064607,4.771,6.059,6.161,2.665580991,4.182,2.285714286,5.219,2,1.648011006,2.364,2.391304348,5.333
child,2.484,5.14536,4.226,3.486855355,6.167,3.677,6.519,3.905310062,3.032,2.529411765,6.621,6,1.619760785,2.375,5.285714286,6.194
chord,4.647,9.71,4.906,1.826074803,5,5.697,5.212,1.973127854,3.875,2.043478261,5.088,5,1.107469145,2.882,2.541666667,6.03
circuit,5.559,11.78,3.529,2.434568904,5,4.677,5.129,2.532754379,4.853,2.333333333,4.543,7,1.484699094,4,2.590909091,4.941
city,3.065,6.56,6.161,3.521399628,5.929,4.936,6.607,3.935759104,4.172,2.0625,6.31,2,1.850217905,6.219,6.173913043,5.844
class,3.346774483,4.95,3.784114957,3.388456453,4.150542511,4.186002782,6.008959159,3.777136713,3.958207935,2.5,4.669418095,5,1.723835684,4.607062987,5.857142857,4.832050078
clergy,5.941,10.15,2.844,1.544068044,5.636,3.969,3.576,1.69019608,5.226,2.444444444,5.516,3,1.000791971,4.182,4.578947368,4.727
cloak,3.861,6.95,4.182,1.968482949,6.5,5.706,5.156,2.187520721,4.667,2.257142857,6.529,2,1.367989309,3.486,2.125,5.361
closure,5.618,12.11,4.242,2.045322979,2.771,5.313,4.75,2.201397124,3.563,2,3.029,5,1.779027747,4.485,3.095238095,6
clover,3.677,5.74,4.206,1.740362689,5.697,5.457,4.909,1.832508913,3.514,2.64,6.471,1,1.436576468,2.457,2.05,6.353
coffin,3.743,7.79,4.061,2.408239965,6.844,3.212,5.226,2.664641976,4.394,1.891891892,6.412,5,1.254321022,4.5,3.571428571,2.029
column,4.177,7.56,3.242,2.477121255,5.824,5.656,4.667,2.748188027,4.438,2,5.636,7,1.74740055,4.294,1.789473684,5.294
comb,2.788,5.5,3.25,2.346352974,6.625,5.618,5.968,2.491361694,3.677,2.416666667,6.656,7,1.408503107,2.032,1.80952381,5.25
compass,4.5,8.44,3.647,2.096910013,6.412,5.441,4.968,2.318063335,4.971,2.655172414,6.324,9,1.516940395,2.636,2.761904762,5.559
complex,5.447767037,11.21,4.80251914,2.697229343,3.30060609,4.918530111,5.256552827,2.826074803,4.233102175,1.870967742,3.108595795,2,2.070666772,5.36457564,3.045454545,4.302939874
concept,5.5,11.44,4.735,2.645422269,2.057,5.886,5.618,2.743509765,4.229,2.130434783,2.6,1,1.86927561,5.086,3.391304348,5.686
consent,5.529,9.95,4.588,2.44870632,3.364,6.364,5.969,2.579783597,3.303,2,3.147,5,1.558955331,4.515,5.761904762,6.471
console,5.314,10.68,4.912,1.973127854,3.382,4.677,4.807,2.06069784,3.576,1.770833333,4.177,1,1.60839254,4.324,4.75,5.857
contempt,5.629,12.44,4.714,2.281033367,3.029,5.286,4.912,2.409933123,3.912,1.804347826,3.229,4,1.725841465,4.657,3.565217391,3.286
context,5.629,10,4.061,2.155336037,2.853,4.833,5.516,2.214843848,3.875,1.888888889,2.5,1,1.850087519,4.182,3.428571429,5.543
contract,5.284396605,9.21,3.890596735,2.923761961,4.675506301,4.330865622,5.154521776,3.217747073,4.632423376,2.083333333,4.498662161,6,1.611135243,4.220575579,4.583333333,4.581601632
costume,2.857,4.17,5.909,2.597695186,5.656,5.849,5.688,2.858537198,3.147,2.4,5.971,3,1.477103684,4.242,4.2,5.788
cottage,3.382,8.5,3.971,2.217483944,6.765,5.029,5.563,2.432969291,2.824,2.333333333,6.758,1,1.542298773,4.088,2.869565217,6.061
cotton,3.941,6,3.559,2.539076099,6.438,4.647,5.636,2.859738566,2.829,2.285714286,6.029,4,1.505419917,2.875,1.5,5.941
couch,2.954793316,3.74,3.833213971,2.899273187,6.257891043,5.228622995,5.408714037,3.078456818,4.326698463,2.323529412,6.211138971,8,1.558751708,3.869986029,2.47826087,5.687827005
cough,2.514,4.32,4.059,2.525044807,5.829,4.457,6.206,2.652246341,4.686,2.111111111,5.765,2,1.475110858,3.143,3,3.686
county,4.606,8.9,3.212,2.96425963,5.469,4.818,5.094,3.236285277,4.177,2.185185185,4.903,1,1.64605642,5.455,4.714285714,5.242
courage,3.794,8.42,7.206,2.922206277,2.4,7.758,5.324,3.082066934,4.882,2.230769231,3.697,3,1.865777179,5.886,5.5,8.143
crab,3.18284059,5.28,3.585416784,2.276461804,5.978845154,5.015567205,4.957183567,2.547774705,4.543683497,2.655172414,6.18061264,5,1.436971386,2.819726615,1.652173913,4.452342205
cricket,3.784302652,7.72,2.916635167,1.977723605,6.223224381,4.915762733,4.90409143,2.161368002,5.298826277,2.470588235,6.45165494,3,1.101923652,3.115016909,4.714285714,4.968213268
crisis,5,9,6.147,2.786751422,3.743,2.829,5.457,2.929418926,4.629,1.833333333,3.912,2,1.89743702,6.059,5.045454545,1.8
crude,5.419,11.11,5.303,2.123851641,2.576,5,4.6,2.193124598,5.345,2.382352941,2.563,6,1.972129433,3.906,2.476190476,3.364
crystal,3.943,7.78,6.371,2.574031268,6.114,5.829,4.912,2.915927212,2.118,2.1875,6.143,5,1.601058621,2.8,1.739130435,6.943
cuddle,2.057,6.16,6.629,1.949390007,5.486,4.886,6.353,2.045322979,1.914,2.648648649,6,1,1.456925069,3.886,6.5,8.029
culture,5.152,9.52,5.824,2.67669361,3.188,4.903,6.281,2.852479994,3.059,2.033333333,3.853,3,1.596736788,6.25,6.416666667,6.882
cure,3.968,9.58,6.419,2.797959644,4.219,6,5.556,3.026941628,3.852,2.25,2.844,5,1.731729503,5.5,4.157894737,8
curtain,3.063,4.95,3.323,2.521138084,6.606,4.893,5.96,2.720985744,3.179,2.161290323,6.567,4,1.62503261,3.613,1.545454545,5.188
cushion,2.429,5.53,3.677,1.995635195,6.2,4.824,5.936,2.045322979,2.849,2.59375,6.412,3,1.758188496,2.588,2.333333333,6.091
dance,2.546,4.63,6.424,3.391993072,4.807,5.909,6.233,3.87800447,2.531,2.612903226,6.125,2,1.364815426,4.382,5.608695652,6.879
dandruff,4.061,10.74,2.5,1.51851394,6.364,3.758,5,1.62324929,4.469,2.682926829,6.161,1,1.033804582,2.156,1.684210526,2.903
dare,3.364,6.63,6.242,3.227372442,3.406,5.594,5.719,3.451325808,4.727,2.148148148,3.5,2,1.657503002,4.636,4.333333333,4.606
date,3.635418373,5.84,5.005777853,3.475380593,4.883269015,5.323923387,5.954130789,3.858477042,2.86060164,2.34,5.383302031,4,1.961863155,3.556303348,5.173913043,6.341722572
delight,4.029,8.68,7.091,2.376576957,3,5.824,5.588,2.460897843,2.914,2.939393939,4.212,3,1.79761258,4.667,4.130434783,8.059
desert,3.515,8.35,4.968,2.863917377,6.125,4.258,5.581,3.154728207,4,1.756756757,6.219,3,1.661191297,5.188,1.947368421,4.9
despair,5.371,9.56,4.588,2.380211242,3.125,2.424,5.094,2.477121255,3.529,1.568181818,3.706,2,1.70969704,4.853,4.1,2.03
dessert,3.118,5.61,6,2.726727209,6.177,5.242,6.147,2.854913022,2.771,2.52173913,6.571,1,1.122662702,3.824,2.5,7.2
device,4.618,8.06,3.824,2.751279104,5.382,5.486,5.912,2.967079734,4.618,2.153846154,5,6,1.810102844,3.429,2.590909091,5.371
dinner,1.657,3.99,5.606,3.597585502,6.121,5.849,6.629,4.014394516,3.257,2.243243243,6.314,2,1.601282867,3.677,4.904761905,6.714
disgust,4.657,7.68,4.514,2.086359831,3.121,4.853,5.531,2.152288344,4.091,1.75,4.242,1,1.65001241,4.588,4.523809524,2.371
doctor,2.441,4.6,5.088,3.568670978,6.382,4.353,6.455,4.129109586,5.118,2.1,6.546,5,1.295724974,4.147,5.714285714,6.118
doctrine,6.719,11.89,4.968,1.431363764,3.774,4.367,3.242,1.643452676,4.968,2.114285714,2.839,2,1.426835325,5.484,4.578947368,4.871
donkey,2.543,6,3.706,2.212187604,6.588,5.343,5.281,2.437750563,4.857,3.315789474,6.667,2,1.687263993,4.059,2.086956522,5.182
doom,4.375,9.42,5.688,2.240549248,2.182,2.75,4.31,2.457881897,4.767,1.970588235,2.563,5,1.700938835,5.75,3.391304348,1.636
doubt,4.677,8.79,4.273,3.335658452,2.588,3.382,6.029,3.505963518,3.794,2.114285714,2.765,4,2.105849904,4.088,4.4,2.971
dread,5.063,9.44,5.548,2.021189299,2.5,3,4.5,2.11058971,4.379,1.583333333,2.875,6,1.681747321,4.871,3.565217391,2.065
duty,4.394,7.15,3.824,3.185258765,3.059,4.485,5.375,3.414973348,4.471,2.514285714,3.061,7,1.795530407,4.97,5.208333333,5.029
ease,4.057,9.11,4.314,2.85672889,2.829,6.143,5.059,2.989004616,3.286,2.233333333,3.529,4,2.095091364,3.882,2.608695652,6.914
employ,5.576,11.41,4.485,2.184691431,3.794,4.706,5.606,2.235528447,4.849,2.171428571,3.03,2,2.029859774,4.177,5.130434783,5.912
escort,5.971,10.84,4.543,2.744292983,4.314,4.265,3.939,2.875061263,3.629,2.318181818,4.143,2,1.642248923,4.375,5.130434783,5.059
essence,5.441,11.9,5.667,2.380211242,2.471,5.758,4.469,2.459392488,2.853,2.088235294,2.471,6,1.912379915,4.029,3.25,6.091
excuse,3.571,6.33,4.25,3.781252594,2.727,5.25,6.103,4.273556814,4.706,2.151515152,2.794,5,1.824331614,3.849,4.473684211,3.636
faith,3.829,7.62,4.406,3.086715664,2.286,4.618,5.625,3.373647472,3.061,2.258064516,3.486,7,1.566868156,5.294,4.85,6.636
fame,3.794,7.26,5.844,2.5132176,2.677,5.125,5.967,2.645422269,3.303,2.4,4.063,2,1.71356675,5.313,5.708333333,6
farewell,5.057,8.43,3.647,2.491361694,3.088,4.324,4.788,2.683947131,3.088,1.9,3.971,2,1.80953349,4.441,6.19047619,3.909
fault,3.429,6.94,3.588,3.491641793,2.576,4.324,5.71,3.725176301,4.257,2.029411765,2.5,6,1.895714702,4.206,4.095238095,2.853
feat,5.552,11.26,4.267,1.851258349,3.655,5.7,3.933,1.897627091,4.467,2.131578947,3.267,2,1.903478131,5.035,3,5.714
fiction,4.118,7.22,4.647,2.354108439,3.936,4.758,5.839,2.492760389,3.909,2.484848485,3.281,5,1.188647466,3.939,3.695652174,5.697
figment,5.677,9.63,4.065,1.672097858,2.167,4.903,4.147,1.748188027,3.71,2.631578947,2.938,1,1.284935195,3.233,2.333333333,5.065
fire,3.019618871,3.25,6.361060483,3.596487134,5.623331836,5.035115091,5.841733313,4.041037208,4.987859031,2.027777778,5.888339655,9,1.704656928,5.095584007,3.3,3.366229187
flea,3.606,7.79,2.656,2.045322979,6.424,4.375,4.515,2.230448921,4.406,2.347826087,5.938,1,1.701037397,1.4,2.157894737,3.469
fleet,5,10.74,3.824,2.338456494,5.086,4.914,3.677,2.733197265,4.714,2.25,5.059,3,1.535904313,5.212,4.25,4.714
flourish,5.412,10.94,6.5,1.612783857,3.029,6.059,4.382,1.62324929,2.412,2.483870968,3.941,7,2.048672056,4.914,4.363636364,7.543
food,1.765,3.25,6.735,3.557025722,6.313,6.606,6.87,3.896360845,4.133,2.181818182,6.5,2,1.76823424,4.242,4,7.606
forehead,2.743,5.58,3.382,2.527629901,6.714,5.114,5.818,2.603144373,4.229,2.411764706,6.657,3,1.465825171,3.4,1.590909091,5.257
forge,5.5,9.8,4.781,2.017033339,3.719,5.621,3.467,2.222716471,5.172,2.161290323,3.581,4,1.913439177,4.613,2.409090909,4.969
fortress,4.294,10.05,5.281,2.093421685,6.182,5.484,4.194,2.238046103,5.242,2,6.094,1,1.462721025,6.03,2.285714286,5.394
fraud,5.824,10.11,5.152,2.53529412,3.941,3.941,4.559,2.710117365,4.735,1.906976744,3.114,3,1.597429245,4.714,3.833333333,2.257
freedom,3.971,7.05,7.2,2.980003372,2.229,7.735,6.152,3.22762965,4.086,2.129032258,3.429,7,1.917419367,6.143,6.217391304,8.559
function,5,9.1,3.667,2.645422269,3.758,5.618,5.727,2.752816431,4.529,2.5,3.029,5,1.90911975,4.424,3.791666667,5.765
fuss,3.382,5.5,4.265,2.511883361,2.5,4.667,5.636,2.562292864,3.273,2.62962963,3.677,2,1.854361262,4,3.5,3.265
gain,3.794,7.11,4.788,2.769377326,3.429,6.471,5.625,2.845718018,4.273,2.085714286,3.677,7,2.124819907,4.412,2.956521739,6.531
game,3.0508561,4.26,4.900329644,3.576916956,5.236180991,5.68108357,5.824886062,4.076531219,5.132212866,2.590909091,5.685826369,7,1.599877227,4.209960707,4.958333333,5.623639351
garbage,3.971,4.89,2.853,2.930949031,6.242,4.971,4.406,3.124504225,5.029,2.5,6.286,1,1.656994895,4.242,2.266294227,2.941
giraffe,2.412,5,4.829,1.763427994,6.912,5.286,5.242,1.886490725,3.657,3.096774194,6.914,1,1.441786171,5.5,1.347826087,5.758
gist,5.743,11.3,3.559,1.681241237,2.4,5.571,5.029,1.755874856,4.056,2.965517241,2.057,2,1.697129053,3.677,2.95,5.667
glacier,5.143,8.05,5.059,1.531478917,6.086,4.839,4.818,1.591064607,4.086,2.033333333,6.441,1,0.895159376,5.909,2,5.286
glee,5.086,9.28,6.242,1.698970004,2.8,6.212,4.242,1.770852012,2.647,2.805555556,4.529,3,1.824769525,4.559,4.681818182,7.618
gloom,4.5,9,2.882,1.73239376,2.618,3.559,4.367,1.77815125,4.594,1.888888889,3.788,4,1.739799977,4.273,2.666666667,2.818
goose,2.441,5.15,3.686,2.57634135,6.429,5.257,5.625,2.823474229,3.886,2.966666667,6.314,5,1.739590304,2.971,1.818181818,5.4
greed,3.677,7.63,4.485,2.285557309,3.206,4.647,5.406,2.390935107,5.594,1.827586207,3.636,1,1.771565402,4.906,4.84,2.343
grind,5.229,8.37,4.771,2.222716471,4.229,5,4.771,2.281033367,4.971,2.896551724,4.029,5,1.86624375,3.152,2.681818182,4.121
guilt,4.147,7.05,4.625,2.759667845,2.529,3.118,6,2.881384657,4.061,1.5,3,2,1.605664277,5.529,5.32,2.294
guitar,3.212,5.32,5.548,2.534026106,6.677,5.688,6.435,2.900913068,4.964,2.027027027,6.724,1,0.730995473,3.906,2.863636364,6.548
hall,3,5.35,2.867,3.197004728,5.968,4.903,6.037,3.423245874,4.103,2.333333333,5.893,6,1.81269595,4.469,3.818181818,5.103
ham,2.029,4.1,3.636,2.526339277,6.647,5,6.177,2.772321707,4.471,2.678571429,6.588,2,1.494701247,2.588,1.7,5.257
hammock,4.559,7.11,4.152,1.62324929,6.258,5.294,4.677,1.857332496,4.382,2.194444444,6.121,2,1.423487005,3.588,2.263157895,5.758
hand,1.722,2.74,3.794,3.74530906,6.667,5.735,6.882,4.154210882,4.25,2.153846154,6.912,13,2.058783202,2.943,3.157894737,5.829
handle,2.971,6.3,3.412,3.514946005,5.697,5.97,5.576,3.742725131,4.265,2,5.265,8,1.986273534,2.941,2.916666667,5.303
harvest,4.219,7.4,4.933,2.164352856,5,5.516,4.172,2.292256071,4.25,2.527777778,4.8,3,1.607644232,5.355,4.285714286,6.531
hate,2.857,5.53,5.147,3.676967814,3.143,4.353,6.114,4.039215766,4.857,1.44,3.314,3,1.597472876,5.455,5.545454545,1.618
head,2.976007036,3.42,4.957845248,3.798995734,6.00386171,6.153498089,5.93598393,4.277563376,4.854690193,2.35,6.006718033,18,1.964357374,3.696430942,2.181818182,5.95262956
health,3.438,7.56,5.406,3.127752516,3.968,5.484,6.607,3.312811826,3.656,1.681818182,4.727,2,1.766396135,5.548,4.608695652,7.394
heaven,2.771,4.22,6.219,3.206556044,2.314,4.514,5.844,3.460597189,3.147,2,4.457,4,1.577129978,6.455,4.684210526,7.457
hit,3.073689883,4.75,5.313587345,3.706973676,4.861602002,5.466083115,5.625830434,4.146933835,4.770830493,2,4.78844036,5,1.831218164,4.166023892,4.210526316,4.148861833
honey,2.6,5.44,5.206,3.621799224,5.8,5.286,5.969,4.185428821,2.455,2.527777778,5.97,3,1.605785164,2.8,2.598513011,6.455
hope,3.353,4.89,6.849,3.787035182,2.455,6.212,6.364,4.213597437,2.971,2.372093023,3.5,3,2.058279639,5.735,4.727272727,8
hostage,5.371,9.89,5.714,2.553883027,5.429,2.286,4.912,2.871572936,4.629,1.710526316,5.543,1,1.463689806,4.429,5.086956522,1.8
hostess,5.057,8.47,5.086,2.198657087,5.886,5.412,4.818,2.278753601,1.486,2.666666667,5.629,2,1.514574116,3.618,5.826086957,5.882
hurdle,4.514,8.75,4.546,1.531478917,4.875,5.364,4.733,1.579783597,4.5,2.441176471,5.394,3,1.170573194,4.294,3.052631579,4.229
husband,3.029,5.53,5.588,3.528659645,5.971,5.382,6.212,3.997211583,6.441,2.038461538,5.853,5,1.534839511,4.706,6.333333333,6.677
impress,4.265,10.17,6.143,2.62838893,3.485,6.429,6,2.716837723,3.727,2.266666667,3.394,5,1.99238891,4.939,5.333333333,7.147
incest,6.412,12.26,3.849,1.531478917,4.118,4.206,4.656,1.653212514,4.529,1.613636364,4.412,1,1.092879235,4.455,5.727272727,1.441
island,3.057,7.41,5.438,2.835690571,6.313,5.029,5.625,3.305136319,3.667,2.24137931,6.412,3,1.561886808,4.824,2.363636364,6.485
issue,5.068551635,8.6,4.30626706,3.075181855,3.243579384,5.144505054,5.383115136,3.241048151,3.849166112,2.236842105,3.277366501,10,2.071937305,4.550257455,3.55,4.656986628
item,3.529,5.68,3.212,2.636487896,5.594,5.147,6.059,2.798650645,3.829,2.3125,4.647,3,1.765405034,2.879,2,5.143
jacket,2.4,3.95,4.412,2.987666265,6.743,5.629,6.412,3.231724383,4.629,2.193548387,6.829,4,1.43149502,3.229,1.7,5.343
jewel,3.229,6.22,6.5,2.257678575,6.286,5.941,5.121,2.568201724,2.114,2.342857143,6.571,4,1.792706142,2.686,2.666666667,7.143
jungle,2.735,5.26,5.788,2.687528961,6.485,5.29,5.323,3.061452479,4.879,2.450980392,6.355,1,1.650228119,6.313,1.952380952,5.563
junk,3.4,6.62,3.242,2.756636108,5.088,4.743,5.424,2.894869657,4.912,2.333333333,5.571,3,1.672588058,3.471,2,2.735
justice,5.143,9.47,6.143,3.022840611,2.971,6.206,5.697,3.281260687,3.818,1.925925926,3.571,5,1.72245532,5.714,6.181818182,7.514
kill,2.943,6.35,5.086,3.755951041,4.229,4.371,5.344,4.363273437,5.886,1.428571429,5.457,4,1.682088432,5.857,5.095238095,1.486
knock,2.849,4.63,4.875,3.31993844,5.807,5.387,6.355,3.51851394,4.546,2.648648649,5.625,2,1.893079394,3.903,2.954545455,4.833
knowledge,4.219,7.68,7.129,2.971739591,2.387,7.226,6.231,3.114944416,4.379,2.4,2.781,6,1.912608082,5.875,4.625,8.156
lace,3.8,6.44,4.879,2.136720567,6.353,4.543,5.588,2.278753601,2.029,2.452380952,6.143,4,1.360415397,2.2,1.708333333,5.829
ladder,2.912,4.39937,3.412,2.496929648,6.588,5.394,5.941,2.674861141,5.265,2.3,6.543,2,1.757922008,4.212,1.695652174,5.515
launch,4.188,7.92,5.516,2.597695186,3.313,6.188,4.9,3.008174184,4.643,2.294117647,3.909,4,1.856142714,5.094,2.857142857,6.061
leaf,2.114,4.6,3.543,2.338456494,6.324,5.412,6.212,2.424881637,3.353,2.290322581,6.314,3,1.471818342,2.121,1.739130435,5.735
leisure,4.941,9.84,5.765,2.008600172,3.457,6.029,5.5,2.113943352,3.371,2.619047619,4.177,2,1.761151751,4.706,5.090909091,7.235
leopard,3.091,6.84,5.75,1.929418926,6.727,5,5.281,2.442479769,4.059,2.129032258,6.824,1,1.503223264,4.235,1.583333333,5.636
lettuce,3.056,4.28,2.556,2.093421685,6.743,5.353,6.375,2.240549248,3.111,2.4375,6.794,1,1.112076158,2.194,1.590909091,5.486
limit,4.143,6.3,3.543,2.749736316,2.824,3.4,5.735,2.822821645,4.088,2.133333333,2.529,6,2.133504616,3.714,2.434782609,4.147
line,2.171,4.85,3.313,3.657055853,5.529,4.735,5.735,4.021850577,4.088,2.055555556,6.114,28,2.107320363,3.147,1.826086957,5.029
lobster,3.743,7.44,4.914,2.305351369,6.771,5.257,5.029,2.574031268,4.457,3,6.677,1,1.312058691,3.2,1.65,5.294
luck,2.657,6.53,6.849,3.588271707,2.206,4.882,5.879,3.894371454,3.4,2.774193548,3.441,1,1.866522146,4.657,3.473684211,7.914
luggage,3.972,7.63,3.382,2.574031268,6.588,5.457,5.235,2.754348336,4.057,2.172413793,6.5,1,1.46157275,4.139,2.375,5.206
lumber,5.372103335,7.33,3.136134994,1.924279286,5.128275644,4.712784635,3.952186492,2.103803721,5.390327396,2.682926829,5.204543605,3,1.739532206,4.310035542,1.714285714,4.391848459
lunch,2.057,3.61,5.029,3.421274791,5.606,5.629,6.75,3.725176301,3.441,2.424242424,5.914,1,1.623798014,3.118,4.5,6.152
lust,5.771,12.22,7.353,2.326335861,2.794,4.743,5.781,2.45484486,3.514,2.823529412,4.171,5,1.484868294,5.441,5.043478261,5.543
malice,6.059,12.33,5.394,1.69019608,2.788,4.735,4.03,1.785329835,4.824,2.085714286,2.625,2,1.686936519,4.618,3.117647059,2.441
mammal,3.853,7.39,4.118,1.72427587,6.294,6.152,5.382,1.799340549,4.5,2.277777778,6.2,1,0.917971201,5,4.363636364,5.824
mansion,4.097,7.2,5.969,2.320146286,6.621,6.719,5.077,2.51851394,4.333,2,6.419,4,1.572971376,5.452,4.6,6.645
marvel,5.229,10,6.147,1.857332496,2.849,5.75,3.588,2,4.235,2.529411765,3.514,2,1.832863783,5.529,3.826086957,7.314
mate,4.090891823,8.67,6.289079747,2.813580989,5.211220348,6.11942061,5.671297532,3.173768823,5.234669865,2.825,5.388860174,4,1.596491705,4.454057933,6.2,7.189124091
melon,3.156,4.21,4.484,2,6.71,5.419,5.667,2.340444115,3.035,2.840909091,6.69,2,1.330274229,2.75,1.636363636,5.939
menace,4.086,9.47,5.576,2.184691431,3.343,5.088,4.029,2.281033367,5.429,2.090909091,3.857,2,1.871592459,4.943,4.913043478,2.571
merchant,5.25,9.8,3.936,2.033423755,5.161,5.188,4.069,2.167317335,5.25,2.193548387,4.875,3,1.584334679,4.133,5.368421053,5.4
message,3.471,6.32,4.743,3.384711743,5.171,5.543,6.235,3.669130847,3.853,1.795454545,4.857,2,1.9258343,3.171,5.772727273,5.471
metal,3.161,5.61,4.5,2.822168079,6.214,5.419,5.704,2.996949248,5.241,1.642857143,5.903,9,1.652816116,4.031,1.363636364,5.097
methane,6.177,13.21,3.273,1.579783597,5.429,4.677,3.939,1.770852012,4.618,2.153846154,3.714,1,1.084086982,3.677,2,4.2
method,4.778,11.15,3.441,2.478566496,3,5.457,5.938,2.605305046,4.771,2.333333333,2.882,3,1.90971522,4.059,2.272727273,5.686
midst,4.886,10.89,3.242,2.198657087,2.912,4.706,4.548,2.245512668,3.97,2.230769231,3.029,2,1.904806524,3.529,2.476190476,5.065
mirror,2.353,4.89,4.382,2.940516485,6.588,5.063,6.438,3.09131516,2.706,2.256410256,6.471,3,1.682235232,3.735,2.285714286,5.118
mischief,3.377,9.05,6.328,1.924279286,2.729,5.765,5.303,2.033423755,4.582,2.548387097,4.118,2,1.755828283,4.5,4.380952381,4.333
mistress,6.029,11.72,5.441,2.474216264,5.242,5.118,5.267,2.783188691,2.088,2.666666667,5.412,7,1.468127943,4.382,5.916666667,3.455
model,4.2,5.83,5.065,2.992553518,5.324,5.029,5.355,3.213783299,2.353,1.9375,5.629,6,1.671483,4,4.681818182,5.824
moisture,4.594,6.5,5.375,1.72427587,5.031,4.688,5.615,1.799340549,3.29,2.594594595,4.968,2,1.282797014,3.281,1.375,5.161
moment,3.875,7.95,4.813,3.642662331,2.3,5.719,5.828,3.979548375,3.645,2.125,2.645,5,1.903051038,3.226,3,5.813
monarch,5.171,10.12,4.059,1.505149978,5.286,4.818,4.471,1.633468456,4.152,2.518518519,5.818,4,1.286660865,5.576,5.1,5.324
monkey,2.114,4.21,5.353,2.893761762,6.559,5.257,5.647,3.23299611,4.857,3.2,6.794,4,1.698991628,3.257,2.28,6.057
monster,2.206,4.58,6.121,2.975891136,3.882,4.273,5.563,3.297322714,5.294,2.162162162,5.971,3,1.612818852,5.441,3.363636364,2.735
mood,3.471,6.58,4.906,3.110252917,2.6,4.882,6.226,3.239799818,3.515,2.575,2.765,2,1.891140923,4.229,4.909090909,5.313
morsel,5.121,8.78,3.531,1.491361694,4.172,3.903,3.97,1.51851394,4.091,2.738095238,4.807,2,1.595237662,2.438,2.277777778,3.903
moth,3.147,5.74,3.394,1.84509804,6.625,4.813,5.207,2.068185862,3.871,2.344827586,6.8,4,1.36181038,1.576,1.391304348,4
mother,1.629,2.63,5.143,3.744840397,6,4.914,6.613,4.388758188,1.088,2.189189189,6.594,3,1.590035695,5.242,6.666666667,8.314
mug,3.029597259,5.15,3.323184441,2.416640507,6.382567603,5.399174191,5.885634573,2.544068044,4.325034262,2.266666667,6.390535241,2,1.350557876,2.644250374,2.04,5.132256018
mural,5.344,9.74,3.355,1.544068044,5.645,5.567,3.355,1.72427587,3.469,2.021276596,5.033,2,1.314036577,4.133,2.391304348,5.906
myth,4.529,8.61,6.147,2.399673721,1.879,4.516,4.938,2.547774705,3.706,2.076923077,3.194,2,1.692851432,4.882,4.173913043,5.029
necklace,2.8,5,5.2,2.447158031,6.714,6.029,6.242,2.697229343,1.543,2.483870968,6.543,2,1.374283493,2.771,1.684210526,5.743
nectar,4.629,8.95,5.314,1.591064607,5.971,5.571,4.441,1.681241237,2.794,2.925925926,5.371,2,0.970647923,2.853,2.272727273,6.6
needle,3.2,5.32,4.829,2.636487896,6.714,4.486,5.606,2.784617293,3.286,2.032258065,6.429,5,1.387543492,2,1.47826087,3.677
neglect,5.086,9.84,4.576,1.903089987,2.794,3.188,4.667,1.939519253,4.429,1.384615385,4.057,4,2.01509796,4.912,5.291666667,1.571
neutral,4.5,10.19,4,2.238046103,3.394,4.774,5.323,2.334453751,3.485,2.457142857,2.636,4,1.930436239,3.909,2.714285714,5.206
notion,5.548,11.11,4.774,2.46686762,2.121,5.567,4.6,2.527629901,3.964,2.206896552,2.219,4,1.791592937,4.032,3.772727273,5.656
nuisance,4.257,9.59,4.086,2.155336037,2.943,4.294,5.147,2.217483944,4.257,2.375,3.314,1,1.732039385,3.912,4.047619048,2.686
nurture,5.294,10.94,4.849,1.568201724,3.257,5.618,4.875,1.579783597,1.879,2.185185185,3.636,2,1.814263368,4.438,5.181818182,7.177
office,3.394,6.68,3.613,3.599446376,6.25,4.515,6.194,4.017033339,4.455,1.96,6.484,8,2.003875,4.313,4.15,4.485
ordeal,5.583,10.06,4.588,2.064457989,3.314,3.242,4.936,2.086359831,3.75,2.277777778,3.429,2,1.561088583,5.543,3.590909091,2.6
outrage,5.235,9.9,5.794,2.161368002,3.2,5.6,5.438,2.206825876,4.677,2.107142857,4.657,2,1.775865703,5.818,4.888888889,2.371
packet,2.686,8.94,3.765,1.986771734,5.97,5.257,6.097,2.11058971,4.265,2.387096774,5.909,2,1.678888024,2.914,1.739130435,5.177
palace,3.182,6.89,5.807,2.64246452,6.29,5.323,4.759,2.991226076,2.967,2.314285714,6.033,3,1.455422191,5.774,3.909090909,6.212
pamphlet,5.182,9.5,2.882,1.633468456,6.546,4.727,4.364,1.785329835,3.706,2.260869565,6.424,2,1.666994096,2.719,3.291666667,5.088
panther,3.972,6.67,5.8,1.672097858,6.765,5.543,4.774,2.120573931,4.743,2.575757576,6.265,2,1.526887458,4.677,2.045454545,5.314
parade,3.829,6.53,6.059,2.625312451,5.8,5.563,5.121,2.818225894,3.706,2.575757576,6.177,6,1.739141713,5.912,6,6.8
parrot,2.455,5.58,4.303,1.982271233,6.647,5.182,5.097,2.225309282,4.206,2.703703704,6.636,2,1.662022722,2.939,2.1,5.735
passage,4.484,8.11,4.586,2.465382851,4.871,5.167,4.8,2.592176757,3.807,2.869565217,5.29,12,1.831439693,3.9,2.875,5.625
passion,5.265,10.79,7.576,2.860338007,3.194,6.618,6.031,3.003891166,2.839,2.277777778,3.697,6,1.620924594,5.647,5.136363636,8.125
pause,3.303,6.75,2.879,2.31386722,4.059,4.529,5.871,2.440909082,3.939,2.085714286,3.182,6,1.658774054,3.281,2.666666667,4.882
pelvis,5.588,9.95,4.824,1.886490725,6.5,5.273,5.394,2.017033339,4.088,2.878787879,5.971,2,1.180041722,3.471,1.434782609,5.091
pension,5.323,13.28,3.607,2.290034611,4.515,3.75,5.185,2.394451681,4.258,2.222222222,2.936,4,1.143875586,3.906,3.3,5.788
people,2.235,3.52,5.697,3.897077003,6.226,5.457,6.548,4.750145689,4.029,2.194444444,6.364,4,2.184681438,5.344,6.904761905,6.333
person,2.371,4.67,4.743,3.67329744,6.371,5.471,6.581,4.035749837,3.939,2.189189189,6.147,8,1.911158347,4.441,5.952380952,5.75
pest,3.219,7.35,4.219,2.053078443,4.625,4.419,5.4,2.167317335,4.727,2.394736842,5.313,2,1.199761397,3.065,2.523809524,2.906
phantom,4.697,8.35,5.294,2.079181246,2.636,4.353,3.515,2.320146286,4.667,2.5,4.485,1,1.757451332,4.469,2.318181818,3.406
phase,4.943,9.4,3.618,2.612783857,3.091,4.8,5.031,2.799340549,4.057,1.870967742,2.971,4,1.843443029,3.765,2.458333333,5.059
pheasant,4.441,9.68,3.031,1.491361694,6.618,4.735,4.235,1.62324929,4.667,2.764705882,6.177,2,1.329385135,3.576,2.083333333,4.941
picket,5.645,10.79,4.621,1.939519253,5.3,4.933,4,2.056904851,4.161,2.111111111,4.828,6,1.116795433,3.767,3.05,4.75
picture,2.212,4.05,4.879,3.502290528,5.912,5.697,6.606,3.848927713,3.382,1.911764706,5.969,3,1.955437981,3.794,3.416666667,6.118
piece,2.412,4.89,3.471,3.545430829,4.941,5.147,6.206,3.802773725,3.656,2.161290323,4.471,4,1.989749328,2.118,2.28,5.088
pillow,1.971,3.47,4.914,2.657055853,6.441,5.543,6.563,2.764922985,3.147,2.941176471,6.629,2,1.244292281,3.324,1.583333333,6.343
pint,4.92541391,8.37,4.743371171,2.089905111,6.353874117,5.366095301,6.282168357,2.225309282,5.584191293,2.714285714,6.468055588,1,1.354238367,3.183021821,3.260869565,5.676787789
pity,4.212,8.72,3.515,2.922206277,2.323,3.727,5.645,3.079181246,3.333,2.03125,3.344,3,1.723835024,3.742,5.52173913,3.226
plasma,5.8,13.05,3.971,2.181843588,5.171,5,3.686,2.40654018,4.343,2.394736842,3.515,4,1.09147395,3.441,1.894736842,5.257
plea,4.971,8.42,4.912,2.334453751,3.8,3.235,4.563,2.544068044,3.257,1.941176471,3.4,4,1.835614068,3.941,3.5,3.6
pleasure,4.771,8.21,7.257,3.405858399,2.206,5.97,6,3.614791792,2.971,2.52,3.677,4,1.770959731,5.343,4.421052632,8.091
police,2.882,5.05,5.375,3.527629901,6.194,3.719,6.438,4.080806804,5.546,1.731707317,6.387,5,1.612167728,5.177,6.041666667,4.516
portrait,4.294,7.61,4.324,2.285557309,6,5.242,5.294,2.444044796,3.735,2.081081081,6.152,2,1.380468337,4,3.47826087,5.735
power,3.412,7.48,5.882,3.474361976,2.879,7.242,5.774,3.880870733,5.333,2.696969697,3.818,13,2.0367534,5.677,4.99257885,5.781
prestige,6.2,11.59,6.059,1.716003344,3.143,6.219,3.969,1.851258349,4.529,2.352941176,3.441,2,1.782146066,5.441,5.333333333,7.029
pride,4.340095576,8.95,5.943532613,2.971739591,3.5946395,6.46666784,5.360008923,3.149834697,4.870992899,2.266666667,4.119564911,7,1.924571847,5.502143773,5.315789474,6.438233945
prince,2.355,5.26,5.567,2.838849091,6.035,5.063,5.231,3.361727836,6.6,2.566666667,5.929,4,1.381419252,4.258,5.625,6.161
princess,1.912,3.95,5.971,2.830588669,5.677,5.029,5.281,3.305351369,1.382,2.703703704,6.344,3,1.177623751,4.438,5.681818182,7.265
prison,3.719,7.5,5.063,3.184123354,6.2,2.344,5.379,3.527501011,5.548,1.676470588,6,2,1.340969605,5.613,5.909090909,1.906
product,4.457,8.05,3.829,2.653212514,5.2,4.771,5.939,2.876794976,4.324,2.162162162,4.735,3,1.737900563,3.771,2.416666667,5.059
progress,4.794,9,5.559,2.921686475,3,6.531,6.344,3.035429738,4.182,2.166666667,3.364,2,2.112924539,5.094,5.173913043,7
project,4.855279627,9,4.798223903,2.992995098,4.19937292,5.63758472,5.348843167,3.28057837,4.559121533,2.526315789,4.021132123,3,1.689689037,4.888282653,3.772727273,5.578706001
pumpkin,2.647,4.78,4.125,2.440909082,6.788,5.412,5.182,2.743509765,3.706,2.961538462,6.849,1,1.668959059,3.206,1.80952381,5.606
punch,3.558344227,5.75,5.940352238,2.974971994,5.701235249,5.831559766,5.368022889,3.180412633,5.435600331,2.612903226,5.665884283,3,1.630462852,4.185430824,4.916666667,3.281057477
pupil,3.343206002,8.06,3.711112431,2.068185862,6.262854859,4.866235784,5.928690801,2.206825876,3.881189393,2.794871795,6.363861952,3,1.276413403,2.778746031,4.636363636,5.487887682
puzzle,2.621599114,5.11,5.325550994,2.396199347,5.009119643,4.980873294,5.573673091,2.574031268,3.950864735,2.787878788,5.229110067,3,1.852358074,3.767226598,2.454545455,5.505208463
python,4.229,7.89,5.588,1.62324929,6.441,4.576,4.152,1.903089987,5.242,2.272727273,6.382,2,1.467918189,4.788,1.428571429,4.182
rain,2,3.6,4.636,3.160468531,6.294,4.029,6.576,3.39707055,3.882,2.542857143,6.529,2,1.574982243,4.303,2.375,3.971
rattle,2.091,4.5,4.455,2.155336037,5.706,4.909,4.485,2.238046103,3.818,2.575757576,5.912,7,1.633341555,2.441,2.272727273,5.061
reason,3.382,7.84,4.594,3.683857205,2.697,5.546,5.912,3.993832867,3.853,2.083333333,3.029,5,2.141623672,4.853,3.565217391,6.265
recall,5.147,11.45,4.156,2.896526217,3.333,5.781,5.194,3.001733713,3.818,2.081081081,3.294,3,1.897083093,3.906,3.857142857,5.406
reject,5.057,9.53,4.171,2.260071388,2.829,4.333,5.485,2.336459734,4.706,2.225,2.971,4,1.927224325,4.382,4.166666667,2.088
report,4.314,6.6,3.371,3.418632687,5.343,4.829,5.909,3.741072772,4.735,1.90625,4.829,9,1.982748165,4.057,4.681818182,4.543
reptile,3.629,6.05,4.086,1.73239376,6.429,5.171,5.147,1.86332286,5.147,2.256410256,6.457,3,1.089951043,3.4,1.565217391,4.543
resort,4.813,9.28,4.367,2.423245874,4.344,5.242,4.533,2.547774705,4.067,2.642857143,4.387,3,1.737959073,4.613,4.48603352,5.781
respect,3.686,8.5,5.743,3.355259906,3.257,7,6.471,3.561697533,3.6,2.15625,3.771,5,2.08614666,5.571,6.3,7.939
risk,3.941,7.58,6.324,3.230704314,3.194,4.882,5.839,3.398287305,4.813,2,3.125,2,1.832806058,5.636,2.952380952,3.514
role,3.788,6.65,4.281,2.815577748,3.515,5.667,5.448,2.968482949,4.061,2.243902439,3.226,1,2.079193474,4.273,4.909090909,5.688
romance,4.294,9.28,7.086,2.757396029,3.486,5.486,6.273,2.899273187,2.114,2.482758621,4.857,5,1.546034325,5.5,6.782608696,7.486
rubble,4.613,9.59,4.313,1.86923172,6.032,4.936,5.156,1.954242509,4.788,2.485714286,5.938,4,1.488928164,4.097,2.5,3.788
ruffle,3.829,7.58,4.781,1.397940009,4.606,5.303,4.552,1.477121255,3.273,2.526315789,5.059,8,1.307357256,3.129,3.130434783,5.059
saloon,5.094,9,3.875,2.158362492,6,4.833,4.29,2.419955748,4.424,2.857142857,5.758,2,1.238214924,4.258,5.565217391,5.29
sandwich,2.294,4.79,4.719,2.874481818,6.686,5.118,6.677,3.048830087,4.333,2.4375,6.771,1,1.660890385,2.529,1.869565217,5.971
scalpel,5.412,10.73,4.455,2.079181246,6.029,5.382,4.758,2.209515015,4.364,1.8125,6.091,1,1.407878127,2.714,2.136363636,4.515
script,4.765,9.79,4.031,2.607455023,5.529,4.727,5.452,3.000434077,4,1.916666667,4.97,4,1.273937085,3.471,3.409090909,5.424
seed,2.849,4.72,4.758,2.445604203,6.323,5.656,5.207,2.587710965,3.407,2.210526316,6.2,6,1.419321525,2.061,1.652173913,6.273
sentence,3.501472999,5.84,3.867438137,2.850646235,4.612682528,4.48790613,5.793568989,3.020361283,4.182381309,2,4.538053059,5,1.415608056,3.821786408,3.217391304,4.4200477
service,4.514,8,3.853,3.381656483,3.857,4.697,5.455,3.610340711,4.177,1.878787879,3.057,12,1.988658088,4.412,5.636363636,5.971
settle,3.714,8.26,3.091,3.183839037,3.588,4.886,5.303,3.331224781,3.412,1.838709677,2.829,11,2.088045045,3.735,3.045454545,5.588
shaft,5.355,10.17,5.065,2.311753861,5.5,4.774,3.839,2.595496222,5.138,3.46875,5.156,7,1.523427857,3.7,1.952380952,4.727
shame,4.118,6.55,3.971,3.181843588,2.8,3.059,5.647,3.326540669,3.765,1.612903226,3.412,4,1.817929481,4.706,4.772727273,2.294
shark,2.647,5.47,6.046,2.413299764,6.762,4.358,5.156,2.883661435,5.597,2.171428571,6.81,2,1.434547888,5.262,1.208333333,3.818
shirt,2.531,3.53,4.133,3.146438135,6.828,5.6,6.435,3.37401474,5.133,2.0625,6.692,1,1.416433505,3.094,2.043478261,5.258
shrug,4.194,7.94,3.147,1.255272505,4.457,5.353,5.853,1.322219295,4.194,2.233333333,5.294,1,1.362684373,2.8,3.291666667,3.882
signal,3.657,6.67,4.091,3.010723865,4.886,5.265,5.758,3.284881715,4.212,2.09375,4.914,2,1.657312983,3.943,4.227272727,5.486
sin,4.2,6.74,5.781,2.694605199,2.606,4.625,5.455,2.910624405,4.735,1.825,3.618,4,1.368490787,5.559,4.863636364,2.059
sister,2,3.68,4.969,3.483872454,6.114,5.257,6.516,3.964165311,1.471,2.4375,6.229,3,1.60196683,4.457,6.647058824,6.4
slave,4.09,7.84,5.092,2.698100546,5.048,2.27,4.368,2.973589623,4.185,1.477272727,5.563,4,1.590868128,4.152,4.75,1.554
sleep,1.677,2.79,5.273,3.668572269,4.75,5.485,6.844,4.065430319,3.677,2.296296296,5.936,2,1.40225064,4.273,2.909090909,7.758
slope,3.914,8.67,3.6,2.08278537,5.735,4.147,5.406,2.178976947,4.194,2.305555556,6.265,2,1.505776869,4.735,1.739130435,5.139
slum,5.613,11.9,4.065,1.716003344,4.875,3.688,3.903,1.819543936,4.656,1.696969697,5.387,2,1.349853429,5.032,4.777777778,2.25
smear,5.029,8.84,3.636,1.959041392,4.818,5,4.188,2.049218023,3.5,2.794871795,5.324,2,1.761464896,2.857,2.380952381,4.118
smell,2.057,4.22,4.441,3.379668034,4.303,3.97,6,3.627468272,4.588,2.421052632,3.206,4,1.559125918,3.8,2.565217391,4.265
snail,2.355,5.79,2.531,1.740362689,6.704,4.9,5.125,1.959041392,4.464,2.655172414,6.815,5,1.551811433,1.71,1.391304348,4.645
snort,4.057,7.42,4.455,1.748188027,4.743,5.029,4.912,1.77815125,4.735,3.741935484,4.486,3,1.400346619,3.314,2.238095238,3.886
soldier,3.061,6.94,5.313,2.919601024,6.375,4.161,5.444,3.297979244,6.364,1.939393939,6.719,4,1.556269622,4.281,5.260869565,4.813
sorrow,5.057,8.42,3.657,2.387389826,2.765,3.6,4.788,2.545307116,3.314,1.470588235,3.6,1,1.50466459,4.457,4.32,2.061
sparkle,2.647,5.95,6.529,1.826074803,3.939,5.818,5.576,1.934498451,2.059,3.0625,6.032,3,1.784258277,3.387,2.391304348,7.514
spinach,3.333,4.94,3.152,1.959041392,6.667,4.97,5.844,2.117271296,4.576,2.4,6.531,1,0.986773375,2.375,1.222222222,5.125
spirit,4.719555453,7.11,5.855819621,3.166430114,3.182970886,5.563924719,5.423530704,3.401055726,3.486755734,1.956521739,4.108454498,16,1.796443388,4.485329239,3.636363636,6.02661331
spit,2.758,5.06,3.813,2.870988814,6.029,5.5,4.912,2.994756945,5.618,2.35,6.029,3,1.635063618,2.6,3.476190476,2.697
spring,3.103487064,5.5,6.016515305,3.011993115,5.458949015,5.354243398,5.669122257,3.203576775,3.29117932,2.615384615,6.008636758,11,1.907390079,4.419102283,2.652173913,6.493293489
squash,4.125680127,6.94,4.15055313,2.212187604,5.472334592,5.220103469,4.580677391,2.350248018,4.482580816,2.625,5.476536934,3,1.383930476,3.419300668,2.95,4.48007912
squeeze,2.794,5.42,6.382,2.783903579,4.529,5.697,5.576,2.886490725,3.875,3.344827586,5.441,3,1.820042979,3.529,2.136363636,5.971
stab,4.206,6.4,6.182,2.506505032,5.177,4.059,5.667,2.651278014,5.324,1.666666667,5.788,3,1.678403185,4.441,5,1.853
status,5.143,11.63,5.5,2.720985744,3.059,5.971,5.344,2.875639937,4.969,2.083333333,3.471,1,2.007494642,5.118,5.375,5.706
stock,5.081068238,9.22,3.395552571,2.889861721,5.032037501,5.019100119,5.067633443,3.114277297,4.608109122,2.148148148,4.757295434,5,1.782703754,3.941845419,2.238095238,5.344782552
stomach,2.765,5.26,4.031,3.086359831,6.324,4.882,6.313,3.237040791,4.088,2.545454545,6.182,5,1.619087846,3.441,2.347826087,5.059
stove,3.706,4.32,3.636,2.451786436,6.406,5.706,5.367,2.588831726,3.667,2.375,6.618,2,1.300346511,3.625,1.909090909,5.588
strand,4.294,8.39,3.382,1.812913357,4.882,4.257,4.5,1.977723605,3.235,2.03030303,4.559,1,1.764409135,2.594,1.95,4.941
stretch,3.188,5.47,4.871,2.747411808,4.063,5.323,6.25,2.874481818,3.821,2.1875,4.75,6,1.812685471,4.161,2.090909091,5.719
stride,5.029,9.21,4.941,1.838849091,4.235,6.824,5.303,2.033423755,5.059,2.4375,4.5,2,1.738592943,4.546,2.684210526,5.971
string,2.6,4.94,3.118,2.704150517,5.882,4.914,6.091,2.810904281,4.029,2.066666667,6.143,12,1.671007909,2.242,2.52173913,5.229
suburb,5.364,9.52,2.938,1.477121255,5.091,4.25,4.483,1.491361694,3.333,2.485714286,5,2,1.704431053,4.879,5,4.788
success,4.242,9.25,6.8,3.000867722,3.257,7.588,6.303,3.14332713,3.829,2.114285714,4.143,4,2.118012338,6.057,5.086956522,8.371
surgeon,4.371,8.58,4.829,2.699837726,6.429,4.324,5.667,2.923761961,5.371,2.153846154,6.382,2,1.492002602,4.771,4.842105263,6.4
sweater,3.807,5.22,3.697,2.669316881,6.5,5.071,4.923,2.848189117,3.774,2.09375,6.667,2,1.236166295,3.406,1.857142857,5.515
sword,2.686,5.45,5.714,2.665580991,6.618,6.212,5.121,3.125806458,5.829,2.275862069,6.677,5,1.332600436,4.029,2.52,4.147
table,2.788477935,4.39,3.166025083,3.460897843,6.404138062,5.152459565,6.425014259,3.731427587,4.384864852,2.419354839,6.52520842,8,1.810710089,3.782880308,2.375,5.104668453
taboo,5.886,12.26,5.657,1.672097858,2.286,4.118,3.647,1.799340549,4.086,2.930232558,2.429,1,1.357884114,4.571,5.75,3.206
talent,3.606,7,6.515,2.946452265,3.281,6.606,5.966,3.124830149,3.727,2.25,4.364,2,1.691566556,5.424,4.5,7.594
terror,4.294,8.79,5.794,2.505149978,2.853,3.118,5.212,2.662757832,5.088,1.444444444,4.353,3,1.631116975,5.853,4.583333333,1.677
texture,4.765,9.35,4.4,1.86332286,4.8,5.286,5.353,1.929418926,3.457,2.209302326,4.686,5,1.44422155,3.771,1.666666667,5.543
throat,2.771,5.09,3.886,3.093421685,6.457,5.457,6.091,3.264345507,4.229,2.352941176,6.543,6,1.446905436,2.912,2.142857143,5.057
tiger,2.029,4,6.235,2.645422269,6.706,4.853,6.212,2.975891136,4.765,2.333333333,6.727,4,1.655378415,4.794,1.375,5.667
toast,2.890590955,4.67,4.398894668,3.043362278,5.9950506,5.633037639,6.000509962,3.232487866,4.386104652,2.435897436,6.180421836,3,1.472338716,3.085312429,2.3,6.29936501
toilet,1.677,3.54,3.6,2.980003372,6.829,4.5,6.824,3.16879202,4.514,3.038461538,6.657,3,1.671003325,3.2,1.916666667,4.486
tortoise,3.129,5.88,4.194,1.447158031,6.786,5.241,4.929,1.763427994,4.4,3.04,6.75,2,1.64851087,2.516,1.772727273,5.781
town,2.906,5.11,4.788,3.614580867,5.813,4.75,6.379,4.101918834,4.067,1.8,5.933,5,1.850260277,4.719,5.65,5.576
toxin,5.912,9.33,5.353,1.414973348,5.03,4.147,3.735,1.672097858,4.529,1.857142857,3.941,1,1.208364108,3.529,1.428571429,2.471
traffic,3.452,6.22,4,2.996949248,5.793,3.219,6.067,3.162862993,4.5,2.162162162,6.103,3,1.531352798,5.563,5.714285714,3
transit,5.5,11.2,3.125,2.033423755,4.182,4.618,4.147,2.212187604,4.941,2.230769231,3.382,5,1.635335272,4.242,4.590909091,4.909
treason,5.571,11.37,4.849,2.220108088,3.161,4.788,4.061,2.414973348,5.313,1.870967742,2.969,2,1.486510638,5.382,5,1.818
treasure,2.6,6.06,6.909,2.629409599,5.206,6.353,5.265,2.98811284,3.941,2.435897436,6.143,3,1.655885494,5.029,2.590909091,7.824
trend,4.971,10.84,5.091,1.903089987,2.853,3.909,5.321,2.029383778,3.452,2.175,3.212,1,1.914785653,4.667,5.952380952,5.548
triumph,5.029,10.16,7.088,2.290034611,3.364,7.229,5.182,2.376576957,4.735,2.454545455,4.065,5,1.892139263,5.879,5.333333333,8.2
troll,3.429,5.72,4.324,1.740362689,4.343,4.088,4.286,2.1430148,5.571,3.34375,5.686,5,0.93688204,4.543,4.04,3.029
trouble,2.486,4.56,6.029,3.679972694,3.2,4.879,5.882,4.056981037,4.914,1.96969697,3.429,4,1.967302509,5.143,3.583333333,2.457
trousers,1.971,7.89,3.515,2.269512944,6.706,5.412,6.688,2.421603927,5.912,2.625,6.629,1,1.375928708,3.121,2,5.294
trumpet,3.353,6.28,4.818,2,6.794,5.273,5.563,2.324282455,4.647,2.408163265,6.844,4,1.517404997,3.563,2.304347826,5.636
trust,3.086,6.55,5.147,3.627673032,2.441,5.706,6.133,3.958468318,3.147,2.257142857,2.735,8,1.690259959,5.177,6.285714286,7.406
tulip,3.429,7.148876,3.971,1.431363764,6.371,5.059,5.03,1.612783857,2.143,2.677419355,6.514,1,1.509703282,2.324,1.736842105,6.943
tumble,2.857,7.89,4.546,1.812913357,4.656,3.879,4.467,1.903089987,4.091,2.40625,4.706,3,1.929187847,3.294,2,3.971
typhoon,5.182,9.78,6.455,1.544068044,6.25,3.875,4.424,1.880813592,4.844,2.236842105,6.281,1,1.410762779,6.25,2.608695652,3.25
ulcer,4.857,12.68,3.657,1.939519253,6.171,3.857,5.059,2.120573931,4.265,1.909090909,5.657,2,0.70916589,2.343,1.952380952,2.912
urge,5.147,9.11,5.97,2.488550717,2.879,4.97,5.419,2.531478917,4.529,2.525,2.618,6,1.999225922,4.529,4.318181818,4.471
usher,5.457,9.35,3.857,1.84509804,4.588,4.265,3.818,2.086359831,5.114,2.25,4.571,2,1.742046644,3.543,5,4.8
venom,4.882,7.95,5.353,1.812913357,4.8,4.546,4.788,2.079181246,4.515,2.236842105,4.457,2,1.570181291,3.735,2.4,2.576
verge,5.486,11.41,4.697,2.167317335,4.063,4.313,4.273,2.225309282,4.242,2.730769231,4.344,2,2.000716225,4.375,2.25,4.618
version,4.257,8.11,3.647,2.765668555,2.844,5.485,5.333,2.918554531,3.844,1.935483871,2.688,5,1.823981399,4.059,1.958333333,5.118
victim,4.657,9.39,5.486,3.070776463,4.371,2.571,5.714,3.386498966,3.2,1.571428571,4.857,4,1.654730334,3.686,5.80952381,1.829
virtue,5.314,11.53,5.471,2.315970345,2.118,6.147,4.688,2.421603927,2.8,2.205128205,2.343,8,1.864383108,4.743,4.578947368,7.618
vowel,3.939,6.53,3.212,1.397940009,3.97,4.939,5.75,1.568201724,3.688,2.448275862,3.645,1,0.60795082,2.727,1.863636364,5.367
vulture,4.771,8.89,4.529,1.812913357,5.909,4.647,4.212,1.959041392,4.8,2.212121212,5.939,1,1.444238037,3.588,2.166666667,2.97
waitress,3.571,7.22,3.727,2.600972896,6.5,5.286,6.063,2.770115295,1.333,2.081081081,6.4,1,1.441534438,3.412,5.818181818,5.813
wallet,3.606,5.89,5.03,2.838849091,6.613,4.71,6.071,3.06595298,5.903,2.029411765,6.759,3,1.440515097,2.677,3.166666667,5.313
walnut,3.97,6.16,3.091,1.770852012,6.212,4.727,4.531,2.004321374,4.118,2.80998782,6.333,1,1.42437187,1.879,1.523809524,5.364
walrus,3.571,5.06,3.939,1.612783857,6.559,5.029,4.531,1.763427994,5.219,3,6.765,1,1.598494724,4.939,1.714285714,5.629
whimper,4.849,8.24,4.194,1.544068044,3.727,2.903,3.654,1.579783597,3.161,2.448275862,3.844,1,1.342431389,2.25,3.863636364,3.152
whisper,2.656,4.26,5.281,2.478566496,3.844,4.688,5.92,2.606381365,2.897,2.6,3.625,4,1.479471874,2.25,4.565217391,5.313
whore,6.156,12.22,5.969,2.790285164,3.677,2.906,5.071,3.032215703,1.867,3,4.333,2,1.450822086,4.094,4.684210526,1.906
wisdom,4.697,9.61,5.939,2.652246341,1.936,6.931,5.357,2.752816431,3.656,2.357142857,2.5,2,1.867304118,5.677,4.52173913,8.188
wish,2.452,3.79,6.194,3.696268997,2.344,5.313,6.077,4.07889162,3.25,2.65625,2.581,3,2.071710112,4.969,4.086956522,6.938
wit,5.242,11.05,6.697,2.357934847,2.742,6.355,5.214,2.481442629,4.533,3.142857143,2.813,4,1.661776056,3.742,5,7.152
wood,2.702494078,4.58,3.604635363,2.877946952,6.646398165,5.261680234,6.00292794,3.139249218,5.115554796,2.657142857,6.500143453,4,1.685897633,4.477995663,1.714285714,5.323241701
wrath,5.909,10.17,6.129,2.173186268,3,4.5,3.7,2.301029996,4.867,2.071428571,2.875,2,1.768538713,5.313,3.25,2.636
wrestle,3.743,5,5.121,2.11058971,5.546,5.471,5.061,2.247973266,5.857,2.322580645,5.758,2,1.957375513,4.343,5.04,4.571
yeast,5.382,9.53,3.219,1.591064607,5.531,4.938,4.613,1.653212514,3.382,2.545454545,4.594,2,1.199638268,2.706,1.619047619,4.613
zebra,2.818,4.79,4.818,1.770852012,6.807,5.406,5.192,2.11058971,4.129,2.708333333,6.813,1,1.320097156,4.147,1.714285714,5.939
