gpt4o,naming,affair,10,508.100000,111.930981
gpt4o,naming,aisle,10,531.200000,80.409784
gpt4o,naming,anchor,10,498.300000,36.818021
gpt4o,naming,anger,10,488.100000,63.814749
gpt4o,naming,ant,10,451.700000,56.140795
gpt4o,naming,applause,10,518.600000,101.853053
gpt4o,naming,apple,10,443.500000,70.947946
gpt4o,naming,apron,10,496.900000,100.641774
gpt4o,naming,arson,10,542.500000,67.017825
gpt4o,naming,art,10,458.000000,37.282704
gpt4o,naming,artist,10,486.800000,69.617686
gpt4o,naming,aspect,10,515.200000,89.570332
gpt4o,naming,asthma,10,549.600000,51.279626
gpt4o,naming,attempt,10,517.200000,61.741036
gpt4o,naming,author,10,545.400000,49.040120
gpt4o,naming,baby,10,454.100000,105.126855
gpt4o,naming,balloon,10,548.400000,59.634442
gpt4o,naming,ban,10,481.800000,61.922532
gpt4o,naming,bandage,10,544.600000,74.394146
gpt4o,naming,basket,10,496.000000,77.838865
gpt4o,naming,battle,10,515.500000,89.332400
gpt4o,naming,bead,10,469.800000,60.646150
gpt4o,naming,beer,10,511.000000,58.246602
gpt4o,naming,beggar,10,520.800000,84.038087
gpt4o,naming,belief,10,521.500000,87.701831
gpt4o,naming,bitch,10,495.300000,86.011692
gpt4o,naming,blame,10,489.600000,100.211110
gpt4o,naming,bliss,10,496.900000,94.582651
gpt4o,naming,blister,10,524.100000,69.382114
gpt4o,naming,blood,10,466.200000,62.478085
gpt4o,naming,blouse,10,536.900000,58.165377
gpt4o,naming,boast,10,504.000000,50.015553
gpt4o,naming,bondage,10,561.900000,74.645012
gpt4o,naming,bonnet,10,533.100000,53.957699
gpt4o,naming,bounce,10,478.300000,103.948759
gpt4o,naming,bowel,10,542.000000,84.681101
gpt4o,naming,bowl,10,458.700000,60.431872
gpt4o,naming,bracket,10,520.100000,112.271942
gpt4o,naming,breakfast,10,542.800000,70.029835
gpt4o,naming,breast,10,514.200000,58.721187
gpt4o,naming,bulge,10,518.100000,72.839931
gpt4o,naming,button,10,497.900000,26.223187
gpt4o,naming,camp,10,481.100000,73.409733
gpt4o,naming,cancer,10,544.000000,78.948647
gpt4o,naming,candle,10,452.100000,88.604552
gpt4o,naming,candy,10,475.200000,62.761984
gpt4o,naming,canoe,10,538.700000,86.555121
gpt4o,naming,carcass,10,559.600000,53.419098
gpt4o,naming,caress,10,523.900000,58.342761
gpt4o,naming,carpet,10,543.400000,49.924832
gpt4o,naming,carriage,10,578.200000,53.497248
gpt4o,naming,castle,10,511.300000,78.971232
gpt4o,naming,cattle,10,497.500000,90.039806
gpt4o,naming,caution,10,531.600000,99.481098
gpt4o,naming,cease,10,506.300000,63.177088
gpt4o,naming,ceiling,10,515.800000,68.153096
gpt4o,naming,chauffeur,10,595.900000,91.966721
gpt4o,naming,chest,10,472.700000,67.229375
gpt4o,naming,chew,10,481.500000,38.091265
gpt4o,naming,child,10,487.900000,52.673945
gpt4o,naming,chord,10,485.600000,101.046964
gpt4o,naming,circuit,10,543.700000,46.257852
gpt4o,naming,city,10,461.500000,58.761760
gpt4o,naming,class,10,479.500000,54.963119
gpt4o,naming,clergy,10,564.400000,90.328044
gpt4o,naming,cloak,10,517.600000,58.716267
gpt4o,naming,closure,10,496.900000,70.298491
gpt4o,naming,clover,10,525.600000,106.063084
gpt4o,naming,coffin,10,536.600000,84.559249
gpt4o,naming,column,10,536.200000,51.486352
gpt4o,naming,comb,10,500.800000,70.998905
gpt4o,naming,compass,10,514.100000,93.515833
gpt4o,naming,complex,10,577.400000,63.667888
gpt4o,naming,concept,10,561.000000,67.110191
gpt4o,naming,consent,10,531.400000,58.359423
gpt4o,naming,console,10,553.300000,71.197768
gpt4o,naming,contempt,10,584.800000,68.488117
gpt4o,naming,context,10,475.100000,80.226693
gpt4o,naming,contract,10,537.500000,55.247423
gpt4o,naming,costume,10,533.000000,56.198062
gpt4o,naming,cottage,10,511.400000,52.521318
gpt4o,naming,cotton,10,534.200000,49.364405
gpt4o,naming,couch,10,477.000000,68.267448
gpt4o,naming,cough,10,515.100000,63.525061
gpt4o,naming,county,10,507.500000,100.880843
gpt4o,naming,courage,10,556.900000,64.919523
gpt4o,naming,crab,10,457.000000,75.324483
gpt4o,naming,cricket,10,467.600000,97.698175
gpt4o,naming,crisis,10,557.100000,47.647898
gpt4o,naming,crude,10,530.600000,66.354603
gpt4o,naming,crystal,10,527.500000,73.203294
gpt4o,naming,cuddle,10,482.100000,91.512537
gpt4o,naming,culture,10,500.800000,102.915067
gpt4o,naming,cure,10,471.600000,79.659274
gpt4o,naming,curtain,10,530.700000,64.391252
gpt4o,naming,cushion,10,511.500000,45.137444
gpt4o,naming,dance,10,507.700000,42.510260
gpt4o,naming,dandruff,10,525.600000,97.851588
gpt4o,naming,dare,10,462.800000,63.893662
gpt4o,naming,date,10,463.400000,31.644554
gpt4o,naming,delight,10,537.600000,87.309411
gpt4o,naming,desert,10,503.700000,60.968207
gpt4o,naming,despair,10,520.200000,84.156996
gpt4o,naming,dessert,10,505.400000,44.969619
gpt4o,naming,device,10,470.300000,100.931275
gpt4o,naming,dinner,10,495.400000,40.089345
gpt4o,naming,disgust,10,530.300000,63.386031
gpt4o,naming,doctor,10,474.400000,76.792939
gpt4o,naming,doctrine,10,569.800000,70.349603
gpt4o,naming,donkey,10,520.400000,74.671428
gpt4o,naming,doom,10,544.900000,53.167346
gpt4o,naming,doubt,10,515.200000,54.393219
gpt4o,naming,dread,10,521.900000,81.900278
gpt4o,naming,duty,10,466.000000,88.075725
gpt4o,naming,ease,10,453.300000,95.878453
gpt4o,naming,employ,10,505.900000,40.327686
gpt4o,naming,escort,10,526.200000,85.063114
gpt4o,naming,essence,10,512.100000,50.107551
gpt4o,naming,excuse,10,491.900000,63.388485
gpt4o,naming,faith,10,511.600000,93.098753
gpt4o,naming,fame,10,487.600000,43.676080
gpt4o,naming,farewell,10,552.100000,86.179980
gpt4o,naming,fault,10,502.300000,76.032230
gpt4o,naming,feat,10,486.200000,43.286642
gpt4o,naming,fiction,10,526.900000,60.305611
gpt4o,naming,figment,10,544.600000,45.981156
gpt4o,naming,fire,10,435.300000,47.499825
gpt4o,naming,flea,10,473.100000,32.353774
gpt4o,naming,fleet,10,447.600000,95.034730
gpt4o,naming,flourish,10,540.100000,92.288738
gpt4o,naming,food,10,477.500000,56.048094
gpt4o,naming,forehead,10,494.500000,86.907678
gpt4o,naming,forge,10,527.100000,71.132818
gpt4o,naming,fortress,10,579.700000,58.991619
gpt4o,naming,fraud,10,517.900000,85.080942
gpt4o,naming,freedom,10,530.100000,85.113584
gpt4o,naming,function,10,535.800000,39.812896
gpt4o,naming,fuss,10,501.900000,50.735589
gpt4o,naming,gain,10,470.300000,34.467537
gpt4o,naming,game,10,451.400000,68.975358
gpt4o,naming,garbage,10,529.600000,66.723642
gpt4o,naming,giraffe,10,530.500000,110.363289
gpt4o,naming,gist,10,485.300000,45.090157
gpt4o,naming,glacier,10,591.000000,80.877136
gpt4o,naming,glee,10,492.500000,55.966756
gpt4o,naming,gloom,10,556.800000,108.565188
gpt4o,naming,goose,10,478.500000,90.498926
gpt4o,naming,greed,10,509.000000,71.493589
gpt4o,naming,grind,10,534.400000,64.605125
gpt4o,naming,guilt,10,514.900000,89.961041
gpt4o,naming,guitar,10,535.600000,80.319086
gpt4o,naming,hall,10,478.100000,70.347471
gpt4o,naming,ham,10,470.100000,48.021870
gpt4o,naming,hammock,10,527.100000,57.219752
gpt4o,naming,hand,10,419.200000,82.740290
gpt4o,naming,handle,10,523.100000,68.132958
gpt4o,naming,harvest,10,507.600000,100.598432
gpt4o,naming,hate,10,472.900000,88.818729
gpt4o,naming,head,10,460.300000,49.100916
gpt4o,naming,health,10,510.600000,50.489163
gpt4o,naming,heaven,10,488.300000,106.872770
gpt4o,naming,hit,10,406.000000,69.400608
gpt4o,naming,honey,10,459.600000,39.875361
gpt4o,naming,hope,10,437.300000,100.217597
gpt4o,naming,hostage,10,571.600000,105.547462
gpt4o,naming,hostess,10,567.400000,57.316277
gpt4o,naming,hurdle,10,518.600000,72.692962
gpt4o,naming,husband,10,486.300000,104.023555
gpt4o,naming,impress,10,543.900000,70.355368
gpt4o,naming,incest,10,571.200000,52.761097
gpt4o,naming,island,10,536.200000,50.812947
gpt4o,naming,issue,10,518.500000,50.067177
gpt4o,naming,item,10,459.300000,68.430094
gpt4o,naming,jacket,10,527.000000,27.026736
gpt4o,naming,jewel,10,519.700000,47.050918
gpt4o,naming,jungle,10,461.400000,72.552203
gpt4o,naming,junk,10,476.900000,87.653928
gpt4o,naming,justice,10,536.300000,72.938406
gpt4o,naming,kill,10,477.700000,57.053678
gpt4o,naming,knock,10,472.600000,92.700473
gpt4o,naming,knowledge,10,571.600000,93.644956
gpt4o,naming,lace,10,491.000000,32.034703
gpt4o,naming,ladder,10,439.000000,68.787919
gpt4o,naming,launch,10,515.600000,60.041097
gpt4o,naming,leaf,10,446.500000,85.390931
gpt4o,naming,leisure,10,558.900000,56.046508
gpt4o,naming,leopard,10,526.400000,108.350460
gpt4o,naming,lettuce,10,528.700000,72.188103
gpt4o,naming,limit,10,525.000000,57.036051
gpt4o,naming,line,10,461.700000,78.079802
gpt4o,naming,lobster,10,539.600000,94.308242
gpt4o,naming,luck,10,461.100000,71.100008
gpt4o,naming,luggage,10,529.900000,46.512722
gpt4o,naming,lumber,10,548.600000,74.665476
gpt4o,naming,lunch,10,477.100000,47.936184
gpt4o,naming,lust,10,529.600000,68.781781
gpt4o,naming,malice,10,536.700000,47.558268
gpt4o,naming,mammal,10,564.900000,59.683331
gpt4o,naming,mansion,10,549.400000,75.314452
gpt4o,naming,marvel,10,517.200000,93.538821
gpt4o,naming,mate,10,447.200000,82.040369
gpt4o,naming,melon,10,519.400000,34.941856
gpt4o,naming,menace,10,568.800000,50.373714
gpt4o,naming,merchant,10,527.800000,43.114318
gpt4o,naming,message,10,502.200000,52.208556
gpt4o,naming,metal,10,485.800000,68.779519
gpt4o,naming,methane,10,517.800000,72.428969
gpt4o,naming,method,10,494.800000,47.419640
gpt4o,naming,midst,10,531.700000,39.240144
gpt4o,naming,mirror,10,526.900000,79.807337
gpt4o,naming,mischief,10,570.000000,81.618353
gpt4o,naming,mistress,10,578.100000,58.741335
gpt4o,naming,model,10,524.500000,56.790551
gpt4o,naming,moisture,10,541.000000,62.195034
gpt4o,naming,moment,10,498.500000,54.461505
gpt4o,naming,monarch,10,521.300000,100.638020
gpt4o,naming,monkey,10,514.400000,65.195774
gpt4o,naming,monster,10,540.400000,74.479229
gpt4o,naming,mood,10,452.500000,84.685365
gpt4o,naming,morsel,10,524.900000,53.821619
gpt4o,naming,moth,10,505.600000,83.137370
gpt4o,naming,mother,10,511.900000,49.923163
gpt4o,naming,mug,10,439.400000,59.772160
gpt4o,naming,mural,10,530.900000,107.342080
gpt4o,naming,myth,10,524.700000,86.874175
gpt4o,naming,necklace,10,536.200000,102.662121
gpt4o,naming,nectar,10,511.500000,80.880227
gpt4o,naming,needle,10,521.000000,70.187052
gpt4o,naming,neglect,10,536.600000,68.645952
gpt4o,naming,neutral,10,550.300000,89.043123
gpt4o,naming,notion,10,535.000000,101.716381
gpt4o,naming,nuisance,10,563.800000,46.580396
gpt4o,naming,nurture,10,563.900000,56.657744
gpt4o,naming,office,10,496.300000,68.894525
gpt4o,naming,ordeal,10,585.200000,84.925850
gpt4o,naming,outrage,10,581.700000,98.464940
gpt4o,naming,packet,10,462.600000,83.101277
gpt4o,naming,palace,10,472.800000,84.389046
gpt4o,naming,pamphlet,10,593.500000,85.648182
gpt4o,naming,panther,10,574.900000,81.765858
gpt4o,naming,parade,10,525.200000,69.963165
gpt4o,naming,parrot,10,567.500000,74.564290
gpt4o,naming,passage,10,531.000000,80.520529
gpt4o,naming,passion,10,553.300000,85.092172
gpt4o,naming,pause,10,499.100000,71.344937
gpt4o,naming,pelvis,10,579.100000,70.197262
gpt4o,naming,pension,10,543.300000,78.492816
gpt4o,naming,people,10,462.800000,71.896222
gpt4o,naming,person,10,496.200000,44.017168
gpt4o,naming,pest,10,489.400000,39.539572
gpt4o,naming,phantom,10,558.400000,91.627507
gpt4o,naming,phase,10,518.100000,76.320159
gpt4o,naming,pheasant,10,548.500000,69.990872
gpt4o,naming,picket,10,500.500000,80.664256
gpt4o,naming,picture,10,492.000000,91.453692
gpt4o,naming,piece,10,490.000000,41.177124
gpt4o,naming,pillow,10,509.400000,93.945847
gpt4o,naming,pint,10,493.500000,62.612122
gpt4o,naming,pity,10,477.000000,63.296481
gpt4o,naming,plasma,10,511.400000,81.425085
gpt4o,naming,plea,10,494.000000,52.340764
gpt4o,naming,pleasure,10,552.300000,74.648882
gpt4o,naming,police,10,509.000000,82.747273
gpt4o,naming,portrait,10,523.300000,53.570411
gpt4o,naming,power,10,439.800000,90.147780
gpt4o,naming,prestige,10,544.900000,126.245308
gpt4o,naming,pride,10,469.000000,60.446487
gpt4o,naming,prince,10,536.700000,64.778340
gpt4o,naming,princess,10,522.100000,96.904822
gpt4o,naming,prison,10,558.200000,87.995960
gpt4o,naming,product,10,530.300000,57.950266
gpt4o,naming,progress,10,501.200000,104.098031
gpt4o,naming,project,10,517.100000,52.237598
gpt4o,naming,pumpkin,10,511.000000,101.476872
gpt4o,naming,punch,10,496.500000,104.524585
gpt4o,naming,pupil,10,521.400000,31.099125
gpt4o,naming,puzzle,10,532.800000,46.934470
gpt4o,naming,python,10,538.700000,64.901721
gpt4o,naming,rain,10,467.200000,50.141577
gpt4o,naming,rattle,10,480.500000,89.144390
gpt4o,naming,reason,10,469.000000,84.305002
gpt4o,naming,recall,10,531.300000,45.862233
gpt4o,naming,reject,10,484.200000,75.327138
gpt4o,naming,report,10,494.200000,47.222405
gpt4o,naming,reptile,10,508.300000,80.978804
gpt4o,naming,resort,10,509.700000,56.454603
gpt4o,naming,respect,10,492.700000,69.965150
gpt4o,naming,risk,10,453.900000,88.457711
gpt4o,naming,role,10,497.400000,56.336686
gpt4o,naming,romance,10,559.100000,57.887727
gpt4o,naming,rubble,10,533.600000,52.268963
gpt4o,naming,ruffle,10,514.100000,62.292232
gpt4o,naming,saloon,10,549.400000,75.701460
gpt4o,naming,sandwich,10,531.100000,91.889366
gpt4o,naming,scalpel,10,554.700000,70.844195
gpt4o,naming,script,10,489.400000,59.790746
gpt4o,naming,seed,10,461.300000,76.467931
gpt4o,naming,sentence,10,538.500000,51.625252
gpt4o,naming,service,10,533.700000,57.080937
gpt4o,naming,settle,10,491.400000,75.193380
gpt4o,naming,shaft,10,477.900000,93.960334
gpt4o,naming,shame,10,516.200000,62.192890
gpt4o,naming,shark,10,472.400000,79.225697
gpt4o,naming,shirt,10,477.300000,37.635828
gpt4o,naming,shrug,10,453.100000,127.662271
gpt4o,naming,signal,10,503.500000,62.027324
gpt4o,naming,sin,10,495.500000,47.390224
gpt4o,naming,sister,10,459.200000,73.950133
gpt4o,naming,slave,10,508.100000,61.623318
gpt4o,naming,sleep,10,468.900000,93.373146
gpt4o,naming,slope,10,489.900000,61.052709
gpt4o,naming,slum,10,493.300000,55.152415
gpt4o,naming,smear,10,552.500000,66.996269
gpt4o,naming,smell,10,460.300000,52.751093
gpt4o,naming,snail,10,520.500000,104.343716
gpt4o,naming,snort,10,521.900000,45.549607
gpt4o,naming,soldier,10,511.800000,71.006729
gpt4o,naming,sorrow,10,571.200000,79.820354
gpt4o,naming,sparkle,10,505.000000,44.887514
gpt4o,naming,spinach,10,505.600000,59.946643
gpt4o,naming,spirit,10,507.300000,128.978077
gpt4o,naming,spit,10,423.200000,106.153767
gpt4o,naming,spring,10,461.900000,100.611961
gpt4o,naming,squash,10,553.400000,95.965503
gpt4o,naming,squeeze,10,547.300000,58.664867
gpt4o,naming,stab,10,487.500000,74.238729
gpt4o,naming,status,10,511.500000,72.395902
gpt4o,naming,stock,10,507.100000,84.160495
gpt4o,naming,stomach,10,508.400000,90.127317
gpt4o,naming,stove,10,514.000000,65.745300
gpt4o,naming,strand,10,492.800000,108.203307
gpt4o,naming,stretch,10,530.400000,77.166775
gpt4o,naming,stride,10,539.900000,79.889437
gpt4o,naming,string,10,520.300000,48.951336
gpt4o,naming,suburb,10,539.700000,69.712186
gpt4o,naming,success,10,530.200000,65.268335
gpt4o,naming,surgeon,10,586.200000,87.997222
gpt4o,naming,sweater,10,494.500000,99.367164
gpt4o,naming,sword,10,531.600000,69.819131
gpt4o,naming,table,10,461.700000,84.319564
gpt4o,naming,taboo,10,544.400000,89.353480
gpt4o,naming,talent,10,511.000000,31.598172
gpt4o,naming,terror,10,526.600000,72.249875
gpt4o,naming,texture,10,565.700000,80.203976
gpt4o,naming,throat,10,538.000000,71.239814
gpt4o,naming,tiger,10,528.900000,48.305624
gpt4o,naming,toast,10,487.400000,59.965175
gpt4o,naming,toilet,10,475.500000,77.649140
gpt4o,naming,tortoise,10,561.300000,74.528220
gpt4o,naming,town,10,463.100000,63.990364
gpt4o,naming,toxin,10,554.400000,55.213122
gpt4o,naming,traffic,10,549.500000,63.124656
gpt4o,naming,transit,10,492.200000,55.344979
gpt4o,naming,treason,10,570.600000,49.003855
gpt4o,naming,treasure,10,509.100000,71.938940
gpt4o,naming,trend,10,511.400000,54.612168
gpt4o,naming,triumph,10,551.200000,51.716750
gpt4o,naming,troll,10,545.400000,82.779761
gpt4o,naming,trouble,10,524.200000,60.010740
gpt4o,naming,trousers,10,537.700000,65.819703
gpt4o,naming,trumpet,10,505.700000,94.316312
gpt4o,naming,trust,10,481.600000,49.779960
gpt4o,naming,tulip,10,547.300000,88.228302
gpt4o,naming,tumble,10,556.700000,85.136557
gpt4o,naming,typhoon,10,605.500000,85.324544
gpt4o,naming,ulcer,10,546.500000,126.689691
gpt4o,naming,urge,10,465.200000,75.263685
gpt4o,naming,usher,10,527.100000,45.517884
gpt4o,naming,venom,10,542.900000,81.204064
gpt4o,naming,verge,10,527.000000,73.128502
gpt4o,naming,version,10,527.000000,59.621025
gpt4o,naming,victim,10,559.300000,56.221882
gpt4o,naming,virtue,10,531.400000,69.540076
gpt4o,naming,vowel,10,489.700000,123.218911
gpt4o,naming,vulture,10,533.900000,99.576269
gpt4o,naming,waitress,10,534.000000,69.605236
gpt4o,naming,wallet,10,510.100000,67.597584
gpt4o,naming,walnut,10,534.300000,82.102984
gpt4o,naming,walrus,10,553.100000,107.533406
gpt4o,naming,whimper,10,597.100000,106.522246
gpt4o,naming,whisper,10,477.200000,61.354706
gpt4o,naming,whore,10,546.200000,111.302191
gpt4o,naming,wisdom,10,543.500000,50.062738
gpt4o,naming,wish,10,472.300000,59.185302
gpt4o,naming,wit,10,475.300000,63.946245
gpt4o,naming,wood,10,454.900000,81.012276
gpt4o,naming,wrath,10,526.000000,71.976848
gpt4o,naming,wrestle,10,545.200000,88.821669
gpt4o,naming,yeast,10,493.700000,76.083361
gpt4o,naming,zebra,10,527.800000,74.804634
